gene,count
A2ML1,53653
AAMP,21514
AAR2,5458
AARSD1,4834
ABAT,2432
ABCA1,23362
ABCA10,4081
ABCA3,3242
ABCA4,1514
ABCA7,9733
ABCA8,4068
ABCB1,2164
ABCB4,1158
ABCB6,5535
ABCC1,27715
ABCC12,1061
ABCC2,1158
ABCC3,1529
ABCC4,3320
ABCC6,2810
ABCC8,993
ABCC9,5523
ABCD1,3584
ABCD3,4558
ABCD4,4952
ABCF3,8434
ABCG1,6830
ABCG2,3444
ABHD11,2815
ABHD6,8831
ABI3,11704
ABI3BP,23546
ABL1,25657
ABL2,9061
ABO,5419
ABTB1,3068
ABTB2,8096
AC007906.2,4734
ACAA2,6732
ACACA,20484
ACACB,3410
ACAP1,6228
ACAP2,16292
ACAT1,4693
ACE,8270
ACE2,2359
ACHE,2604
ACKR3,14450
ACLY,12819
ACOD1,754
ACP5,2349
ACPP,2247
ACRBP,1544
ACRV1,660
ACSL4,19134
ACTBL2,972
ACTL6A,22575
ACTL7A,810
ACTN1,10857
ACTN2,455
ACTN4,74235
ACVR1,7185
ACVR1B,15736
ACVR2A,11220
ACVRL1,5358
ACYP2,5141
ADA,12085
ADAM10,34929
ADAM12,22915
ADAM17,21163
ADAM28,3250
ADAM33,9191
ADAM8,15772
ADAM9,44484
ADAMDEC1,5671
ADAMTS1,95609
ADAMTS12,6891
ADAMTS14,7775
ADAMTS19,13692
ADAMTS2,21660
ADAMTS4,28377
ADAMTS5,3135
ADAMTSL3,4955
ADAR,46444
ADCY2,510
ADCYAP1,2137
ADCYAP1R1,2180
ADD1,27559
ADGRA1,510
ADGRA2,27746
ADGRA3,6820
ADGRB1,1263
ADGRB2,6620
ADGRD1,3309
ADGRD2,346
ADGRE1,968
ADGRE2,3727
ADGRE5,16294
ADGRG5,2007
ADGRG6,3775
ADGRL1,11623
ADGRL4,2656
ADIPOQ,1280
ADIPOR1,38463
ADIPOR2,8817
ADM,53051
ADNP,40619
ADORA1,1804
ADORA2A,1458
ADORA2B,2084
ADORA3,1521
ADRA1A,1885
ADRA1B,627
ADRA1D,757
ADRA2A,13981
ADRA2B,1072
ADRA2C,12662
ADRB1,9175
ADRB2,3498
ADRB3,729
ADTRP,3441
AEBP1,38961
AFAP1L2,30936
AFF1,23511
AFF2,2852
AFG1L,2613
AFM,959
AGAP1,15952
AGAP3,10038
AGER,1492
AGMAT,2292
AGO1,10037
AGR2,27975
AGR3,622
AGRP,1838
AGTR1,1086
AGTR2,2600
AGXT,743
AHCY,111720
AHR,21557
AHRR,1836
AHSG,569
AICDA,1246
AIF1,60222
AIF1L,2228
AIFM1,14065
AIM2,4417
AIMP2,9801
AIP,8117
AIRE,1854
AJAP1,3772
AKAP11,40692
AKAP4,769
AKAP8,18559
AKR1B1,13162
AKR1C3,1929
AKT1,53473
AKT2,21728
AKT3,17691
AKTIP,10138
ALAD,8426
ALCAM,21158
ALDH1B1,8418
ALDH2,37391
ALDH3A2,24315
ALDH7A1,15075
ALDOA,43097
ALG11,22192
ALG13,24449
ALG2,14453
ALG6,5483
ALG9,4967
ALK,480
ALKBH5,29765
ALOX12,4928
ALOX15,1493
ALOX5,5052
ALPK1,6014
ALPK3,2938
ALPL,4127
ALX1,767
ALYREF,24704
AMACR,3561
AMER1,3829
AMFR,14054
AMH,190
AMIGO1,1359
AMIGO3,1474
AMOT,7318
AMOTL2,33790
ANAPC1,17610
ANGPT1,1864
ANGPT2,2153
ANGPTL2,21137
ANGPTL3,682
ANGPTL4,3760
ANGPTL6,1923
ANGPTL7,1295
ANGPTL8,748
ANK1,721
ANKHD1,12569
ANKK1,636
ANKRD13A,39502
ANKRD13D,5412
ANKRD17,14542
ANKRD30A,893
ANKRD33B,7684
ANKRD40,8300
ANKRD44,4705
ANKRD6,4480
ANKS1A,4070
ANKS6,5071
ANKZF1,7897
ANO1,34257
ANO3,938
ANP32E,24310
ANPEP,11445
ANXA10,820
ANXA2,335604
ANXA3,18920
ANXA5,93593
ANXA8,35793
AOAH,4540
AOC3,15972
AOX1,1807
AP1B1,23533
AP1M1,13962
AP1S3,7873
AP2A1,21942
AP2A2,10836
AP2M1,121243
AP3B2,1460
AP3D1,20883
AP3M2,2706
AP5B1,15587
APAF1,8133
APC,5117
APCDD1,16717
APELA,347
APEX1,33306
APEX2,10255
APH1B,4046
API5,27969
APLF,11762
APLN,1489
APLNR,2799
APMAP,23043
APOB,445
APOBEC3B,1168
APOBEC3C,25231
APOBEC3D,2398
APOBEC3F,3076
APOBEC3G,8987
APOL1,107877
APOL2,40834
APOL3,4730
APOL6,25599
APOM,2603
APP,166630
APPBP2,11445
APTX,19221
AQP1,44959
AQP4,318
AQP5,1465
AQP7,7550
AQP8,323
AQP9,1479
AR,8242
ARC,1178
ARF1,76589
ARF6,68741
ARFIP1,5576
ARG1,540
ARG2,4675
ARHGAP35,27080
ARHGAP36,448
ARHGEF2,18061
ARHGEF7,3318
ARID1A,17687
ARID3B,3647
ARL4D,21962
ARL8B,96389
ARMC5,3360
ARMC7,3311
ARMH3,7789
ARNT,15953
ARNTL,4287
ARR3,537
ARRB1,4747
ARRB2,18739
ARRDC3,58365
ART1,428
ART3,758
ART4,706
ARX,685
ASCC2,9056
ASCC3,24385
ASCL1,943
ASCL2,1953
ASF1B,9279
ASH2L,13464
ASIC1,2925
ASPM,8559
ASPN,9011
ASTN2,2955
ASXL1,22696
ATAD3A,3725
ATF1,13337
ATF2,17297
ATF3,14189
ATF4,145960
ATF6,23150
ATG10,5258
ATG16L1,6011
ATG2A,3044
ATG5,16408
ATG7,2958
ATIC,14655
ATL1,1486
ATL2,17458
ATL3,30084
ATM,13843
ATOH1,379
ATOH7,1304
ATOH8,3051
ATP10D,12110
ATP13A2,4966
ATP1A1,135301
ATP2A2,68821
ATP2B1,16054
ATP5F1A,83476
ATP5F1C,38564
ATP6V1B1,355
ATP6V1H,9987
ATP7A,5849
ATP7B,1313
ATPAF1,7123
ATPSCKMT,8116
ATR,12885
ATRX,34723
ATXN1,13927
ATXN1L,4623
ATXN2,13726
ATXN2L,51356
ATXN3,24245
ATXN7L2,1595
AUNIP,5292
AURKA,6527
AURKB,16746
AURKC,1264
AVPI1,43494
AVPR1A,13333
AVPR1B,1205
AVPR2,838
AXIN1,20812
AXIN2,2458
AXL,26985
B3GAT1,1066
B4GAT1,11020
BAALC,2799
BAAT,321
BACE1,11830
BACE2,22596
BACH2,2555
BAD,3050
BAG2,7493
BAG3,23202
BAG6,19877
BAIAP2,8813
BAK1,17773
BANK1,1840
BAP1,13580
BARD1,10409
BARHL2,640
BARX2,1564
BATF,6105
BATF3,1964
BAX,6062
BAZ2B,5871
BBC3,4548
BCAM,13731
BCAN,1607
BCAR1,3256
BCAR3,4905
BCAR4,761
BCAS3,4535
BCCIP,20847
BCHE,3210
BCKDK,13194
BCL10,20538
BCL11A,21826
BCL11B,4203
BCL2,15423
BCL2A1,3570
BCL2L1,107042
BCL2L11,10568
BCL2L12,3418
BCL2L13,13078
BCL2L2,46757
BCL3,20494
BCL6,6492
BCL6B,2743
BCL7B,11458
BCL7C,6536
BCOR,8881
BCORL1,3413
BCR,24840
BDKRB1,2112
BDKRB2,7146
BDNF,605
BEAN1,1881
BECN1,36192
BEX2,4306
BFSP1,1786
BFSP2,1100
BGN,364067
BHMT,796
BICRAL,7309
BID,9545
BIK,9054
BIRC2,23475
BIRC3,37001
BIRC5,41200
BIRC7,1014
BLK,2011
BLM,2069
BLNK,2756
BLOC1S2,20921
BLVRA,15273
BMI1,20028
BMP2,11201
BMP2K,14516
BMP4,2004
BMP5,1043
BMP6,3704
BMP7,42637
BMP8A,8258
BMP8B,2118
BMPER,4223
BMPR1A,12945
BMPR1B,882
BMPR2,46864
BNC1,15805
BNC2,9679
BNIP3,4042
BOLL,1163
BPIFB1,37223
BRAF,21822
BRCA1,9308
BRCA2,6426
BRD3,12746
BRD4,57311
BRDT,997
BRI3BP,12833
BRINP1,588
BRIP1,11546
BRIX1,11866
BRSK2,432
BSDC1,15946
BST1,3182
BTAF1,17387
BTBD9,3961
BTK,4272
BTLA,3113
BTN3A1,8199
BTNL2,869
BTRC,5435
BUB1,7598
BUB1B,6612
BVES,1734
C11ORF96,90247
C1QBP,39427
C1QC,78164
C1QL3,879
C1QTNF1,5190
C1QTNF6,8259
C1QTNF9,1557
C1RL,14603
C20ORF85,3495
C2ORF88,7355
C3AR1,3140
C4A,11381
C4B,6515
C5,3012
C5AR1,15237
C6,537
C7,11699
C8B,505
C8G,716
C9,439
CA10,970
CA12,95550
CA14,1025
CA4,1044
CA9,6478
CABCOCO1,1940
CABP4,748
CABYR,2020
CACNA1B,896
CACNA1C,3586
CACNA1D,2139
CACNA1G,6119
CACNA1H,3148
CACNA2D1,2921
CACNG3,521
CACNG4,777
CACNG5,344
CACUL1,16331
CACYBP,25252
CAD,6400
CADM3,4032
CADM4,14396
CALB1,1244
CALB2,1201
CALCA,330
CALCB,1661
CALCR,625
CALCRL,6863
CALM3,47572
CALML3,1747
CALR3,767
CAMK1,2694
CAMK2A,1580
CAMK2B,656
CAMK2D,6832
CAMK2G,3787
CAMKV,852
CAMP,636
CAMSAP2,19004
CAND1,18545
CANX,77474
CAPN1,15276
CAPN3,1433
CARD10,3119
CARD11,4195
CARD14,2746
CARD8,5423
CARD9,540
CARF,6798
CARM1,6290
CARTPT,684
CASC8,849
CASK,18683
CASP1,9512
CASP10,4559
CASP2,26216
CASP3,37264
CASP6,13648
CASP7,22790
CASP8,10080
CASP8AP2,14593
CASP9,7116
CASQ2,541
CASR,823
CASS4,6145
CASZ1,6129
CAT,9861
CATSPER2,1394
CAV2,27990
CAVIN2,6533
CAVIN3,7017
CBARP,1236
CBFB,30346
CBL,4419
CBLB,7602
CBLIF,724
CBLN1,972
CBLN3,2528
CBLN4,712
CBR1,14976
CBS,1180
CBSL,1208
CBWD2,32876
CBX1,42601
CBX3,90142
CBX5,31433
CBX7,20109
CC2D1A,7321
CCAR2,8645
CCAT2,1509
CCBE1,4680
CCDC102B,2064
CCDC103,1762
CCDC113,1377
CCDC124,7519
CCDC136,1779
CCDC137,7668
CCDC14,15087
CCDC141,1025
CCDC170,1779
CCDC27,952
CCDC33,1262
CCDC43,12515
CCDC50,32899
CCDC51,3368
CCDC57,4096
CCDC6,30498
CCDC61,3311
CCDC62,1730
CCDC7,8530
CCDC71L,88982
CCDC77,4717
CCDC80,92898
CCDC86,5303
CCDC9,15608
CCDC91,16693
CCK,572
CCKAR,441
CCKBR,1068
CCL1,740
CCL11,2222
CCL13,1655
CCL14,6831
CCL15,651
CCL16,1129
CCL17,848
CCL18,2159
CCL19,20599
CCL2,26753
CCL20,22686
CCL22,8309
CCL23,893
CCL24,1824
CCL25,505
CCL26,1956
CCL27,1351
CCL28,2449
CCL7,709
CCL8,1178
CCN1,34640
CCN2,55850
CCN3,4848
CCN4,40883
CCN5,16791
CCNA1,989
CCNA2,11782
CCNB1,16881
CCNB2,10702
CCNB3,826
CCND1,13676
CCND2,43003
CCND3,9891
CCNDBP1,14203
CCNE1,5201
CCNO,1727
CCNT1,8436
CCNY,22743
CCR1,3332
CCR2,3960
CCR3,677
CCR4,2434
CCR5,1453
CCR6,2445
CCR7,944
CCR8,1590
CCR9,956
CCRL2,1664
CCT2,38458
CCT3,65990
CCT5,56701
CCT6A,36592
CCT7,48075
CCT8,62071
CD101,1444
CD109,44256
CD14,14040
CD151,18776
CD160,1171
CD163,7281
CD177,2037
CD180,1110
CD19,3704
CD1A,1878
CD1B,772
CD1C,2125
CD1D,2050
CD1E,2314
CD2,11449
CD200,6597
CD207,3481
CD209,2114
CD22,2573
CD226,3440
CD244,721
CD247,6034
CD248,6872
CD27,6282
CD274,7403
CD276,20168
CD28,6199
CD2AP,16717
CD2BP2,13300
CD300A,5720
CD300C,1592
CD300E,3472
CD302,14018
CD320,767
CD33,1027
CD34,16088
CD36,4133
CD38,3511
CD3D,13756
CD3E,16097
CD3EAP,3831
CD3G,4104
CD4,17200
CD40,5013
CD40LG,1447
CD44,91882
CD46,24761
CD47,68530
CD5,4558
CD52,50254
CD55,29321
CD58,22097
CD59,68538
CD5L,456
CD6,4097
CD68,15609
CD7,4069
CD70,7028
CD72,1972
CD79A,3829
CD79B,1969
CD80,862
CD82,44518
CD83,19449
CD84,3131
CD86,4481
CD8A,25900
CD8B,4331
CD93,12736
CD96,7302
CD99,110805
CDA,1844
CDAN1,2670
CDC123,14720
CDC14A,5628
CDC20,13586
CDC25A,2254
CDC25C,3887
CDC27,24665
CDC34,11992
CDC37,16506
CDC42,66577
CDC42BPG,10915
CDC6,9991
CDC73,13128
CDCA2,4948
CDCA3,6032
CDCA7L,8197
CDCP1,17112
CDH1,28571
CDH11,25728
CDH13,12133
CDH16,789
CDH2,5487
CDH22,657
CDH23,1148
CDH3,25762
CDH5,1873
CDH6,1813
CDH7,618
CDHR1,1546
CDHR2,480
CDHR4,1812
CDK1,27210
CDK10,5682
CDK14,5881
CDK16,38320
CDK17,16516
CDK18,7680
CDK2,21831
CDK3,4906
CDK4,11623
CDK5,2902
CDK5RAP1,19725
CDK6,4264
CDK7,9444
CDK8,8735
CDK9,12653
CDKAL1,12232
CDKL1,1939
CDKL3,1691
CDKN1A,391535
CDKN1B,74368
CDKN1C,12272
CDKN2A,44953
CDKN2AIP,9011
CDKN2B,88293
CDKN3,9357
CDR2L,6522
CDSN,1070
CDV3,62953
CDX1,1729
CDX2,633
CEACAM1,10323
CEACAM3,553
CEACAM5,122564
CEACAM8,1115
CEBPA,6240
CELSR1,15972
CELSR2,23137
CELSR3,1695
CEMIP2,7566
CENPA,9251
CENPB,9874
CENPF,22003
CENPV,2600
CEP112,6238
CEP128,2536
CEP170,11925
CEP19,6249
CEP44,7191
CEP55,11147
CEP85,8293
CES1,758
CETP,1263
CFAP100,2567
CFAP20,5071
CFAP43,1445
CFAP46,954
CFAP47,755
CFB,19608
CFC1,864
CFDP1,20036
CFH,9876
CFHR1,2104
CFL2,9174
CFLAR,16163
CFP,2024
CFTR,973
CGAS,12341
CGB3,1295
CGNL1,11534
CGRRF1,7223
CH25H,1469
CHAD,892
CHAF1A,12850
CHAMP1,10426
CHD3,75012
CHD5,966
CHD7,4474
CHEK1,7897
CHEK2,7667
CHFR,15133
CHIT1,2746
CHKA,5443
CHODL,1108
CHRAC1,12197
CHRDL2,5443
CHRM1,616
CHRM2,482
CHRM3,535
CHRM4,1047
CHRM5,934
CHRNA2,635
CHRNA3,663
CHRNA4,334
CHRNA5,1619
CHRNA6,1242
CHRNA7,467
CHRNB1,3395
CHRNB2,1075
CHRNB3,475
CHRNB4,1654
CHST8,616
CHUK,12556
CIDEC,1734
CIITA,18114
CILP2,882
CINP,9636
CIP2A,15987
CISD2,23763
CKAP2,16685
CKAP4,92654
CKAP5,28949
CKS2,11593
CLCN3,15108
CLCN4,2412
CLCN5,2390
CLDN1,103322
CLDN18,715
CLDN5,7561
CLDN7,28564
CLEC10A,7418
CLEC12A,2558
CLEC14A,3592
CLEC16A,9808
CLEC2A,1723
CLEC4A,8749
CLEC4C,1305
CLEC4D,1399
CLEC4M,1350
CLEC5A,6124
CLEC6A,842
CLEC7A,6055
CLEC9A,1948
CLGN,1072
CLIC3,10148
CLIC4,75741
CLIC6,2180
CLK2,13689
CLK3,15264
CLK4,13456
CLN3,4597
CLN5,8456
CLNK,958
CLOCK,25678
CLPTM1L,37525
CLPX,29989
CLSTN1,35121
CLSTN3,8983
CLTC,74893
CMA1,755
CMKLR1,2958
CMSS1,10901
CMTM5,140
CMTM8,3146
CMYA5,1289
CNDP1,238
CNGB1,673
CNGB3,536
CNIH4,9071
CNKSR3,5322
CNMD,533
CNN1,43930
CNNM1,960
CNNM3,9680
CNOT1,24131
CNP,24059
CNR1,772
CNR2,1567
CNRIP1,11127
CNST,5315
CNTF,1940
CNTLN,5991
CNTN2,853
CNTN6,418
CNTNAP1,4204
CNTNAP3,3939
CNTNAP4,301
CNTROB,10203
COASY,9942
COBLL1,16128
COCH,3648
COIL,10239
COL10A1,6432
COL11A1,1378
COL17A1,21269
COL18A1,34219
COL23A1,2180
COL25A1,698
COL2A1,977
COL4A1,109432
COL4A2,54838
COL4A3,696
COL4A4,824
COL4A5,15203
COL5A1,236812
COL5A2,71157
COL7A1,40249
COLEC12,11754
COLQ,2021
COMP,8759
COMT,19007
COPS5,20527
COQ8A,2364
CORIN,650
CORO1B,7139
CORO1C,37968
CORT,3189
CP,5023
CPA4,1638
CPA5,1047
CPA6,1313
CPB2,1120
CPEB1,1543
CPEB2,3617
CPEB3,3611
CPLX3,1051
CPNE9,992
CPS1,326
CPSF6,41722
CPT1A,15556
CPVL,2799
CPXM2,863
CPZ,1100
CR1,1577
CR2,1371
CRB2,1140
CREB1,21738
CREB3,18865
CREB5,510
CREBBP,48722
CREG1,27666
CREG2,1848
CRH,1103
CRHR1,949
CRHR2,1085
CRIPT,7633
CRK,33545
CRKL,14994
CRNDE,4858
CRNN,28089
CRTAC1,1004
CRTAM,1464
CRY2,9279
CRYAA,1645
CRYBB3,587
CRYBG1,21288
CRYBG3,16649
CRYGC,452
CRYGS,2034
CRYZ,12041
CRYZL1,8482
CSE1L,20702
CSF1,5748
CSF1R,4356
CSF2,865
CSF2RA,4928
CSF2RB,8057
CSF3,5741
CSF3R,1991
CSK,18367
CSNK1A1,83008
CSNK1A1L,773
CSNK1E,30625
CSNK1G1,11450
CSNK2A1,25217
CSNK2A2,13704
CSNK2B,57240
CSPG4,8281
CSPP1,5183
CSRP1,47512
CSRP3,879
CST1,271
CST2,790
CST4,404
CST5,240
CST7,3670
CTAG1B,1856
CTBP1,49404
CTBP2,11652
CTCF,17022
CTCFL,13754
CTDSPL,14022
CTH,2644
CTHRC1,28009
CTLA4,15684
CTNNA1,86427
CTNNAL1,13136
CTNNB1,60067
CTNND1,116918
CTNND2,103
CTRL,440
CTSA,17144
CTSC,17885
CTSG,1157
CTSH,7309
CTSK,40379
CTSL,21733
CTSW,2838
CTTN,65422
CTTNBP2NL,38395
CTXN3,1512
CUBN,1029
CUEDC2,9524
CUL1,26844
CUL2,8233
CUL3,30941
CUL4A,22681
CUL4B,29415
CUL5,8508
CUTA,12317
CUX2,862
CUZD1,774
CX3CL1,5584
CX3CR1,992
CXADR,53184
CXCL10,23561
CXCL11,4023
CXCL12,16039
CXCL13,9597
CXCL16,22141
CXCL2,11657
CXCL5,4242
CXCL6,3189
CXCL9,27892
CXCR1,1151
CXCR2,803
CXCR3,1462
CXCR4,39504
CXCR5,908
CXCR6,2307
CYBA,9418
CYBB,10984
CYBC1,17739
CYCS,37987
CYFIP2,4475
CYHR1,3534
CYLD,38107
CYP11A1,942
CYP11B2,373
CYP17A1,735
CYP19A1,1304
CYP1A1,957
CYP1A2,459
CYP1B1,6711
CYP20A1,6356
CYP24A1,11068
CYP27A1,4272
CYP27B1,1235
CYP2A6,3
CYP2C19,762
CYP2C8,428
CYP2C9,588
CYP2D6,3289
CYP2J2,1423
CYP3A5,5366
CYP46A1,675
CYP4B1,10319
CYP4F2,2061
CYP7A1,600
CYREN,17073
CYSLTR1,2459
CYSLTR2,1312
CYTH2,8326
CYTOR,12301
DAB1,526
DAB2,9829
DACH1,4154
DACH2,521
DACT2,1708
DAG1,17944
DAO,462
DAOA,619
DAP,77685
DAP3,32236
DAPK1,3011
DAXX,18859
DAZAP1,38409
DAZAP2,35992
DAZL,978
DBN1,8480
DBR1,9514
DCAF1,8289
DCDC1,1099
DCLK1,2196
DCN,138145
DCT,219
DCTN1,12795
DCX,282
DDB1,16392
DDB2,13462
DDC,1178
DDI2,15124
DDIT3,2453
DDIT4L,1248
DDR1,62769
DDR2,12415
DDX1,30303
DDX10,6144
DDX19A,9851
DDX20,5800
DDX21,18764
DDX25,1083
DDX27,25198
DDX28,3042
DDX31,4615
DDX39B,87655
DDX3X,143325
DDX3Y,325
DDX43,3039
DDX50,26902
DDX51,6075
DDX53,506
DDX55,11667
DDX58,8452
DDX6,35075
DEFA1,835
DEFA6,269
DEFB103B,513
DEFB4A,1046
DEK,60979
DEPDC7,2795
DEPTOR,4796
DERL3,6141
DGAT1,5122
DHCR24,68033
DHCR7,2772
DHDDS,9564
DHFR,29266
DHODH,1822
DHRS1,13314
DHRS2,723
DHX29,7307
DHX30,13259
DHX34,4537
DHX57,5117
DHX9,35128
DIABLO,3386
DICER1,12784
DIO2,44281
DIP2A,16443
DIP2B,12630
DIRAS3,3541
DIS3,20916
DIS3L2,9805
DISC1,3811
DISP1,1915
DKC1,20521
DKK1,7124
DKK3,27160
DLD,23863
DLEC1,1103
DLEU1,11932
DLEU2,23122
DLG1,15216
DLG4,4595
DLK1,1143
DLK2,1041
DLL1,6010
DLL3,1405
DLL4,2319
DLX4,2418
DMBX1,3170
DMD,2094
DMKN,7754
DMPK,5114
DMRT2,1132
DMWD,17445
DMXL1,12741
DMXL2,3987
DNAH1,3045
DNAH10,669
DNAH11,1671
DNAH12,605
DNAH14,2476
DNAH2,1267
DNAH5,422
DNAH7,1213
DNAH8,1035
DNAH9,2419
DNAI1,1133
DNAJA1,59418
DNAJA3,8762
DNAJB12,11073
DNAJB2,28721
DNAJB4,7104
DNAJB5,9792
DNAJC10,52452
DNAJC17,4164
DNAJC9,39343
DNASE1L3,1760
DNM1,8059
DNM2,23095
DNMT1,28861
DNMT3A,9371
DNMT3B,3938
DNPEP,6453
DNTT,651
DOC2A,1934
DOCK9,19184
DOK5,1432
DOK7,1415
DOT1L,18365
DPAGT1,6293
DPF2,10899
DPF3,763
DPM1,24957
DPP4,2582
DPP8,9664
DPPA2,1453
DPT,17038
DPY19L2,3614
DPYD,12515
DPYSL2,16592
DRAM1,11022
DRC1,945
DRC3,1518
DRD1,539
DRD2,683
DRD3,1123
DRD5,2591
DRG1,21508
DSC3,666908
DSG1,519
DSG2,39184
DSG3,245284
DST,129747
DTNA,2589
DTNBP1,5307
DTX1,2662
DUOX2,14136
DUOXA1,13097
DUOXA2,4543
DUSP13,812
DUSP23,16832
DUSP28,5092
DUSP5,28408
DUSP6,23354
DUX4,8459
DVL1,7415
DVL2,14809
DVL3,21977
DYDC1,529
DYNC1H1,26476
DYRK1A,34047
DYRK1B,4685
DZIP1L,11296
E2F1,26303
E2F3,6986
E2F4,7506
E4F1,3066
EBF1,7896
EBF2,373
EBI3,1078
EBP,30617
ECD,10424
ECE1,52438
ECEL1,984
ECHDC1,21955
ECHS1,18670
ECM1,125345
ECPAS,35864
ECRG4,1231
ECSIT,5331
EDA,973
EDIL3,1535
EDN1,3771
EDNRA,22661
EDNRB,3102
EDRF1,3419
EED,10983
EEF1A2,649
EEF1AKNMT,6396
EEF1G,1147386
EFHC1,4450
EFHC2,2511
EFNB2,21667
EFR3A,29044
EFR3B,1303
EFS,17241
EFTUD2,6477
EGF,552
EGFL6,3004
EGFL7,9040
EGFL8,2780
EGFR,37948
EGLN1,18551
EGLN3,13087
EGR2,3222
EGR3,9005
EGR4,792
EHBP1,15398
EHF,65330
EHMT1,9149
EHMT2,9750
EID1,32590
EIF1AD,9545
EIF1AY,40
EIF1B,17949
EIF2AK2,22441
EIF2AK3,20919
EIF2AK4,20853
EIF2S1,26028
EIF3A,53866
EIF3C,187402
EIF4A1,144858
EIF4A3,15959
EIF4E,41820
EIF4EBP1,22674
EIF4EBP2,49116
EIF4EBP3,6468
EIF4ENIF1,7396
EIF4G1,92933
EIF5A,73205
EIF5AL1,3993
EIPR1,4594
ELAC1,3316
ELAC2,10299
ELANE,912
ELAVL1,38713
ELF4,25451
ELFN1,2613
ELK1,35126
ELK3,32524
ELK4,18027
ELMOD1,439
ELMOD2,13909
ELN,6423
ELOB,1485
ELOC,9272
ELSPBP1,440
EMC1,21923
EMC4,6579
EMD,33173
EMP1,84810
EMP2,124716
EMSY,11383
EMX2,23979
EN1,696
EN2,1928
ENG,18202
ENKUR,1026
ENO2,4099
ENOSF1,9985
ENOX1,875
ENOX2,11103
ENPEP,4171
ENPP1,3810
ENPP2,12449
ENPP3,1337
ENTPD1,16525
ENTPD2,1734
EOMES,1483
EP300,36879
EPAS1,65411
EPB41L3,2988
EPCAM,20547
EPDR1,15901
EPG5,5517
EPHA1,10907
EPHA10,1345
EPHA2,38638
EPHA3,2379
EPHA4,5222
EPHA7,1772
EPHA8,427
EPHB1,1590
EPHB2,5781
EPHB4,17475
EPHB6,8428
EPHX1,15616
EPHX2,4225
EPM2AIP1,5481
EPO,1132
EPOR,4917
EPRS,31284
EPS8L3,715
ERAP1,27212
ERAS,384
ERBB2,13653
ERBB3,18889
ERC1,10568
ERCC1,8901
ERCC2,3864
ERCC3,9305
ERCC4,7582
ERCC5,14404
ERCC6,9238
EREG,1386
ERFE,1308
ERG,3304
ERG28,6407
ERGIC2,16599
ERICH3,4914
ERLIN2,9373
ERMAP,5320
ERN1,18912
ERP27,1576
ERRFI1,40985
ERVFRD-1,818
ERVMER34-1,4188
ESF1,5534
ESM1,7630
ESR1,60751
ESR2,2121
ESRRA,9719
ESRRG,413
ETS1,12749
ETV1,1739
ETV3,8481
ETV5,4042
ETV6,18721
EVI2B,4714
EVI5,12966
EWSR1,79697
EXO1,6099
EXOSC10,9527
EYA1,1043
EYA4,481
EZH1,9112
EZH2,27998
EZHIP,754
F11,863
F11R,115459
F12,3558
F13A1,7343
F2,12
F2R,18851
F2RL1,8367
F2RL3,3700
F3,67151
F5,2231
F7,9206
F8,1404
FAAH,2569
FABP2,1140
FABP3,2403
FABP7,1054
FADD,8211
FADS1,7233
FADS2,19346
FAF1,25108
FAF2,16648
FAIM,6981
FAIM2,580
FAM107A,4595
FAM110A,4252
FAM117B,8251
FAM126B,6615
FAM131C,3046
FAM161A,1986
FAM168A,18330
FAM183A,1925
FAM193A,8590
FAM216B,1954
FAM3A,10284
FAM53C,19303
FAM76B,2987
FAM98A,10738
FAM9B,1071
FANCA,1469
FANCC,4615
FANCD2,3542
FANCI,12280
FAP,9794
FAR1,70320
FAS,10327
FASLG,1569
FASN,5053
FAT1,50891
FAT2,32631
FAT3,623
FAT4,4227
FBL,96434
FBLN2,4442
FBLN5,5518
FBP1,3613
FBXO16,926
FBXO25,9399
FBXO33,5923
FBXO42,5505
FBXO43,1623
FBXO45,16634
FBXW11,11543
FBXW7,3682
FCAR,891
FCER1A,2879
FCER2,1136
FCGBP,9545
FCGR1A,1028
FCGR2A,25327
FCGR2B,5171
FCGR3A,2073
FCGR3B,5010
FCMR,3041
FCN1,1773
FCN2,616
FCRL1,773
FCRL2,693
FCRL3,1673
FCRL4,528
FCRL5,1409
FCRLA,876
FDFT1,24481
FDPS,17018
FDX1,9685
FECH,7887
FEN1,10106
FENDRR,2631
FER,8410
FERMT3,1877
FES,5320
FETUB,1504
FEV,1144
FEZ1,947
FEZF1,903
FEZF2,142
FFAR1,1206
FGF1,4387
FGF10,1149
FGF13,2299
FGF19,822
FGF2,5223
FGF21,1058
FGF23,438
FGF4,630
FGF7,14676
FGF9,1062
FGFBP2,1021
FGFR1,21197
FGFR2,12188
FGFR3,48145
FGFR4,1242
FGR,3131
FH,13392
FHAD1,2264
FHL1,7169
FHL2,15291
FHL3,6607
FHOD1,3635
FIBCD1,700
FIBP,15291
FILIP1L,16313
FIP1L1,17480
FKBP11,9478
FKBP15,8505
FKTN,3916
FLCN,9535
FLI1,5494
FLII,45915
FLNB,21976
FLNC,2872
FLOT2,34932
FLRT3,761
FLT1,40428
FLT3,951
FLT3LG,7421
FLT4,4421
FLYWCH1,2356
FMC1,5051
FMN1,11057
FMN2,619
FMO3,949
FMO5,665
FMOD,33731
FN3KRP,18877
FNDC3A,11721
FNDC3B,34729
FNDC5,1304
FNTA,32793
FOLH1,1262
FOLR1,1162
FOLR2,1918
FOSL1,13213
FOXA1,5879
FOXA2,1181
FOXB1,1468
FOXC1,9674
FOXC2,1123
FOXD2,1969
FOXE1,18170
FOXE3,607
FOXF1,7777
FOXG1,451
FOXI1,640
FOXJ1,2148
FOXJ2,11231
FOXL2,12472
FOXM1,16850
FOXN1,4890
FOXO1,12861
FOXO3,28415
FOXO4,7422
FOXP1,11191
FOXP2,1072
FOXP3,6018
FOXP4,8904
FOXRED1,8444
FPR1,3993
FPR2,2936
FRA10AC1,10681
FRAS1,1939
FREM1,1528
FREM2,829
FRMD6,48992
FRMD7,544
FRZB,7434
FSCN1,33714
FSHR,326
FSIP1,1633
FST,8963
FSTL1,48060
FSTL3,13327
FTO,9192
FUBP3,15597
FUCA1,9902
FURIN,20834
FUS,25690
FUT2,3465
FUT3,12883
FUT4,3025
FUT7,1843
FUT8,5822
FXR2,17375
FXYD7,2044
FYN,13649
FZD1,7800
FZD10,12603
FZD3,2553
FZD4,4988
FZD6,13722
FZD9,1316
FZR1,7925
G6PD,21359
GAA,17301
GAB1,8607
GAB2,4764
GABBR1,10628
GABBR2,179
GABRA1,243
GABRA2,1423
GABRA3,571
GABRA4,549
GABRA5,349
GABRA6,590
GABRB2,419
GABRB3,2386
GABRD,1276
GABRG1,644
GABRG2,562
GABRG3,1075
GABRP,22737
GABRQ,11995
GABRR3,809
GAD1,1446
GAD2,405
GADD45A,84955
GADD45G,9415
GAGE1,557
GAL,285
GALE,7544
GALK1,4928
GALNS,3114
GALNT4,16404
GALP,569
GALR1,744
GANAB,89077
GANC,4416
GAP43,1254
GART,22239
GAS2L1,3180
GAS6,36738
GATA1,871
GATA2,9123
GATA3,2594
GATA4,770
GATA6,6790
GBA,9586
GBE1,12067
GBF1,15638
GBP1,30842
GBP5,10086
GBX2,937
GCGR,435
GCH1,22304
GCKR,883
GCLM,19668
GCM1,799
GCN1,13024
GCNT2,1658
GCNT4,2188
GDA,826
GDF11,6545
GDF15,7391
GDF2,575
GDF3,223
GDF5,807
GDF6,602
GDF7,4055
GDF9,1347
GDNF,586
GFPT1,17840
GGT1,4769
GH1,1427
GHITM,22096
GHR,1716
GHSR,1181
GIGYF1,15408
GIMAP4,15419
GIMAP5,4275
GIMAP8,5056
GIPC1,27369
GIPC2,1959
GJA1,36076
GJA5,859
GJB1,589
GJB6,7301
GJC1,4254
GKN1,234
GLA,14909
GLB1,13261
GLCCI1,6480
GLDN,1045
GLI1,1650
GLI2,1470
GLI3,9175
GLIPR2,10483
GLOD4,12378
GLP1R,601
GLRA1,427
GLRA2,468
GLRA3,466
GLRB,2462
GLS,25076
GLS2,4546
GLT8D2,4885
GLUD1,25481
GLYR1,7289
GMDS,3310
GMEB1,9035
GMEB2,5677
GMFB,29425
GMPS,64636
GNA11,11480
GNAI1,20630
GNAI2,61733
GNAO1,1644
GNAQ,11851
GNAT3,631
GNB1L,1184
GNB3,1341
GNL2,18303
GNPAT,8971
GNRH1,1608
GNRHR,1003
GNS,19750
GOLGA2,23293
GOLPH3,76958
GORAB,5714
GOT1,21645
GP1BA,1522
GP5,1503
GP6,611
GPATCH11,8130
GPBP1,29881
GPBP1L1,45727
GPER1,1069
GPHN,3494
GPN1,19979
GPN2,7453
GPR1,1092
GPR101,446
GPR12,876
GPR135,2427
GPR137,4775
GPR139,509
GPR149,1525
GPR158,228
GPR162,1503
GPR17,815
GPR174,2978
GPR22,1425
GPR26,264
GPR3,2624
GPR34,3841
GPR37,396
GPR37L1,1895
GPR39,3132
GPR4,2624
GPR55,941
GPR63,1017
GPR83,394
GPR85,571
GPR88,1123
GPRASP1,6804
GPRASP2,4605
GPRC5B,5711
GPRC5C,8528
GPRIN2,2256
GPT,1319
GRAMD1A,13850
GRAMD2B,5252
GRB2,51167
GREB1,54225
GREB1L,1033
GREM1,53102
GREM2,1148
GRHL2,20614
GRIA1,134
GRIA2,595
GRID1,1520
GRIK3,897
GRIK4,577
GRIK5,1427
GRIN1,651
GRIN2B,231
GRIN2C,1247
GRIN2D,1536
GRK2,38115
GRK5,6104
GRM1,317
GRM2,647
GRM3,272
GRM4,1204
GRM5,691
GRM7,736
GRN,32641
GRP,2460
GRPR,1282
GRWD1,8469
GSDMB,4233
GSDMC,7191
GSE1,10411
GSK3A,26684
GSK3B,15014
GSR,25136
GSS,56273
GSTM1,909
GSTM3,4203
GSTO1,31176
GSTZ1,9212
GSX2,405
GTF2A1L,150
GTF2I,59994
GTF3C1,22881
GTPBP1,21251
GTPBP10,8037
GTPBP4,24948
GUCA1A,801
GUCY1A2,12757
GUCY2C,1224
GUCY2D,575
GUSB,37880
GXYLT2,19732
GYG2,1472
GYPA,371
GYPB,1888
GYS1,9340
GZMA,3881
GZMB,3354
GZMH,2322
GZMK,6218
H19,87370
H2AFX,19798
H3F3B,505218
HABP2,433
HADHA,53944
HADHB,23236
HAMP,194
HAP1,1231
HAS2,5921
HAVCR1,756
HAVCR2,4063
HAX1,13352
HBEGF,6235
HBG1,434
HBS1L,12759
HBZ,1063
HCAR2,14016
HCAR3,9801
HCFC1,12435
HCK,3610
HCN2,1187
HCN3,3449
HCN4,540
HCRT,586
HCRTR1,919
HCRTR2,743
HDAC1,43068
HDAC10,2908
HDAC2,58743
HDAC3,26520
HDAC4,6107
HDAC5,3955
HDAC6,25445
HDAC8,17668
HDAC9,1683
HDC,986
HEATR3,8070
HEATR5A,2667
HEATR5B,7098
HEATR6,4794
HECA,82242
HECTD4,13842
HELLS,10517
HEPACAM,597
HERC2,22533
HERC6,8578
HES1,29135
HES4,707
HES6,4936
HESX1,1601
HEXA,19318
HEXB,31506
HEXIM1,10625
HEY1,6433
HEYL,36455
HFE,5669
HGF,5449
HGH1,2950
HGS,7426
HHEX,2473
HHLA2,367
HIF1A,96304
HIPK2,19757
HIPK3,68777
HIVEP2,14291
HK1,28964
HK2,16030
HLX,2606
HMCN1,2382
HMGA1,24816
HMGA2,4766
HMGB2,11500
HMGB3,18102
HMGCR,30255
HMGN3,21674
HMGN5,5421
HMMR,8757
HMOX1,4305
HMX2,2372
HNF1A,1443
HNF1B,824
HNF4A,1639
HNMT,11123
HNRNPA1L2,157550
HNRNPD,173003
HNRNPF,86760
HNRNPH1,161212
HNRNPLL,19520
HNRNPM,113999
HNRNPUL1,83339
HOOK3,11616
HOPX,52720
HOTAIR,1088
HOXA10,10814
HOXA11,6210
HOXA13,11629
HOXA5,2551
HOXA9,5317
HOXB13,1145
HOXB4,11921
HOXB5,4150
HOXB6,16873
HOXB7,45030
HOXB9,2083
HOXC11,850
HOXC13,1067
HOXD10,8452
HOXD9,6760
HPCA,1416
HPCAL1,18157
HPD,536
HPGD,8084
HPGDS,1178
HPRT1,15750
HPS5,12272
HPSE,4310
HPSE2,4716
HPV16-E6,35140
HPV16-E7,25259
HPV18-E6,40
HPV18-E7,360
HRAS,9886
HRH1,3757
HRH2,5092
HRH3,536
HRH4,903
HS3ST2,1002
HS3ST3A1,3360
HS3ST5,641
HS6ST2,5174
HSD11B1,555
HSD11B2,2330
HSD17B1,2829
HSD17B10,23732
HSD17B2,1010
HSD17B6,1766
HSD3B1,273
HSDL1,6320
HSF1,27795
HSF4,4639
HSPA1L,2437
HSPA2,30948
HSPA4,17488
HSPA6,8395
HSPA8,129308
HSPA9,103533
HSPB1,749828
HSPB11,20431
HSPB3,2019
HSPB8,11372
HSPBP1,4346
HSPD1,78027
HSPE1,85452
HSPG2,47010
HTATIP2,11870
HTR1A,170
HTR1B,361
HTR1D,1048
HTR1E,348
HTR2A,997
HTR2B,3984
HTR2C,709
HTR3A,727
HTR4,1383
HTR5A,653
HTR6,689
HTR7,3993
HTRA1,27328
HTRA2,4533
HTT,18786
HUWE1,65534
HYOU1,28679
HUMAN_CTNNB1_G34E_ALT:A,315
HUMAN_CTNNB1_S33C_ALT:G,1
HUMAN_CTNNB1_S33C_WT:G,77
HUMAN_FGFR3_D641N_ALT:A,197
HUMAN_FGFR3_D641N_WT:A,201
HUMAN_FGFR3_R248H_ALT:A,235
HUMAN_FGFR3_R248H_WT:A,447
HUMAN_PIK3CA_M1043I_ALT:A,258
HUMAN_PIK3CA_M1043I_WT:A,488
HUMAN_PTEN_G129E_ALT:A,17950
IARS2,23770
ICA1,3191
ICAM1,15271
ICAM2,2365
ICAM3,2175
ICAM4,1755
ICAM5,908
ICOS,2292
ICOSLG,2947
ID4,2305
IDE,5646
IDH1,8270
IDH2,37626
IDO1,8985
IDUA,8606
IFI16,54395
IFI35,9939
IFI44L,11502
IFIH1,9057
IFIT1,5263
IFIT2,5853
IFIT3,19152
IFITM1,8122
IFNA1,799
IFNA17,1212
IFNA2,884
IFNA7,719
IFNA8,739
IFNAR1,46952
IFNAR2,6660
IFNB1,1156
IFNG,1018
IFNGR1,43318
IFNGR2,21467
IFNL1,556
IFNL2,591
IFNL3,815
IFNW1,920
IFRD1,7376
IFT57,21184
IGBP1,33355
IGF1,19821
IGF1R,19649
IGF2,2591
IGF2BP1,454
IGF2BP2,5168
IGF2BP3,4329
IGF2R,52492
IGFBP1,212
IGFBP2,38138
IGFN1,1484
IGHE,496
IGSF1,1438
IGSF3,21097
IGSF8,4030
IGSF9B,2236
IHH,611
IKBKB,14050
IKBKE,6405
IKBKG,11241
IKZF1,15004
IKZF2,14603
IKZF3,5898
IKZF4,3377
IL10,1583
IL10RA,7212
IL10RB,9392
IL11,3060
IL11RA,4942
IL12A,2191
IL12B,1334
IL12RB1,1517
IL12RB2,2342
IL13,2078
IL13RA1,65357
IL13RA2,692
IL15,5855
IL15RA,2569
IL16,9186
IL17A,520
IL17B,780
IL17D,2097
IL17F,635
IL17RA,7328
IL17RB,7835
IL18,3688
IL18BP,2418
IL18R1,4576
IL18RAP,1558
IL19,1698
IL1A,11998
IL1B,2899
IL1F10,1025
IL1R1,34439
IL1RAP,18566
IL1RL1,1472
IL1RL2,3399
IL1RN,50511
IL2,602
IL20,1310
IL21,737
IL21R,2825
IL22,1181
IL22RA1,1652
IL23A,855
IL23R,595
IL24,2529
IL25,694
IL26,1117
IL2RA,7389
IL2RB,3088
IL2RG,8692
IL3,825
IL31,856
IL33,6092
IL34,1701
IL36G,12599
IL37,867
IL3RA,5636
IL4,579
IL4R,24349
IL5,728
IL5RA,1417
IL6,7937
IL6R,7208
IL6ST,91646
IL7,2383
IL7R,72654
IL9,253
IL9R,1406
ILDR2,611
ILF3,44387
ILK,10263
IMMT,22000
IMPDH1,12726
IMPDH2,36556
IMPG1,532
INA,2564
INCA1,2279
ING1,18287
INHA,1322
INHBA,37809
INHBB,4843
INKA2,2935
INMT,1579
INO80D,6868
INPP4B,4108
INPP5D,3912
INPPL1,25387
INSC,677
INSL3,696
INSL4,644
INSM1,765
INSR,11635
INSRR,762
INVS,14795
IPO11,12466
IPO5,29634
IPO7,56054
IPO9,20024
IPP,6502
IQGAP1,45025
IQGAP2,10017
IQSEC1,8748
IRAK1,95984
IRAK2,7361
IRAK4,5634
IRF1,54776
IRF2BP1,8122
IRF2BPL,40892
IRF3,13456
IRF4,6823
IRF5,2668
IRF7,4320
IRF8,3581
IRGM,817
IRGQ,18130
IRS1,23276
IRS2,8417
IRS4,2396
IRX1,362
ISL1,403
ISOC2,13224
ITCH,96143
ITGA1,7175
ITGA2,45114
ITGA2B,748
ITGA3,22978
ITGA4,10524
ITGA5,12584
ITGA6,77114
ITGA7,13971
ITGAD,958
ITGAE,1571
ITGAL,5517
ITGAM,4654
ITGAV,22165
ITGAX,6291
ITGB1BP2,3015
ITGB2,24486
ITGB3,4275
ITGB4,56049
ITGB5,48114
ITGB6,52545
ITGB7,3064
ITIH1,578
ITIH5,3443
ITK,2855
ITM2A,5673
ITPKA,2605
ITPR1,9429
ITPR3,37511
ITPRID2,17681
IVNS1ABP,23995
JAG1,26438
JAK1,21014
JAK2,8282
JAK3,5701
JAM2,5047
JAM3,6907
JAZF1,11067
JDP2,14481
JMJD4,3533
JPH1,2707
JPH2,3311
JPT2,48219
JRK,4513
JUP,38496
KANK2,19052
KAT2A,8146
KAT2B,9175
KAT5,8767
KATNA1,9364
KCNA3,2974
KCNA4,619
KCNA5,842
KCNAB3,2525
KCNB1,366
KCNC1,902
KCNC3,9136
KCNC4,5797
KCNE1,561
KCNF1,718
KCNH1,918
KCNH2,673
KCNH3,1595
KCNH4,1189
KCNH5,189
KCNH6,726
KCNIP2,4218
KCNJ1,461
KCNJ10,1477
KCNJ11,3447
KCNJ12,1051
KCNJ13,703
KCNJ15,10585
KCNJ16,1180
KCNJ2,3517
KCNJ6,1125
KCNJ8,4187
KCNJ9,877
KCNK1,19278
KCNK10,1842
KCNK12,1282
KCNK13,1692
KCNK15,2098
KCNK16,668
KCNK17,1005
KCNK18,709
KCNK2,2172
KCNK3,3181
KCNK4,1776
KCNK6,21193
KCNK9,782
KCNMA1,16097
KCNMB1,5932
KCNN3,1798
KCNN4,5757
KCNQ1,6416
KCNQ2,443
KCNQ4,1238
KCNRG,1655
KCNS1,4168
KCNT1,555
KCNT2,511
KCNU1,520
KCNV1,450
KCTD10,18392
KCTD11,15432
KCTD20,22552
KCTD5,31048
KCTD9,12041
KDM1A,35692
KDM3A,15458
KDM4A,13963
KDM5B,16457
KDM5D,246
KDM6A,8568
KDM6B,21340
KDM8,4444
KDR,8302
KEAP1,6578
KEL,1066
KHDC3L,657
KHDRBS1,52851
KHK,2052
KHSRP,31644
KIAA0408,1338
KIAA1191,36780
KIAA1324,18967
KIAA2013,11408
KIF11,10249
KIF18B,10715
KIF1A,590
KIF20A,7361
KIF2A,35011
KIF2C,10259
KIF5B,48711
KIR2DL1,870
KIR2DL4,435
KIR3DL1,340
KISS1R,1584
KIT,2325
KITLG,12373
KL,1391
KLF12,4035
KLF14,1065
KLF16,14187
KLF17,631
KLF4,53398
KLF5,62847
KLHDC2,13440
KLHL1,574
KLHL13,4976
KLHL14,1247
KLHL24,8639
KLHL26,3702
KLHL4,838
KLHL8,7495
KLK10,53109
KLK15,1311
KLK4,240
KLK6,5977
KLRB1,2696
KLRC1,1582
KLRC2,366
KLRD1,1022
KLRF1,1261
KLRG1,6245
KLRK1,4238
KMO,1780
KMT2A,21481
KMT2D,13627
KNDC1,1066
KNSTRN,10142
KPNA1,23601
KPNA2,34219
KPNA3,17197
KPNA6,27518
KPNB1,54995
KPRP,843
KRAS,36082
KRT20,519
KRT78,23744
KRTCAP2,7781
KXD1,18841
L1CAM,1529
LACC1,8279
LACRT,494
LAD1,51136
LAG3,2128
LAIR1,7755
LAIR2,2412
LAMA3,47830
LAMB3,86158
LAMC1,26200
LAMC2,40919
LAMP1,102562
LAMP2,44221
LAMP3,8380
LANCL1,9034
LANCL2,3570
LAPTM4B,49941
LARP4,17518
LARP4B,24234
LASP1,28187
LAT,5832
LATS1,19972
LATS2,7711
LBH,39595
LBP,76
LBX1,1129
LCAT,2743
LCK,4348
LCN2,175787
LCNL1,8226
LDB3,1264
LDHA,365161
LDLR,29480
LDLRAD1,1483
LDLRAD4,23640
LEF1,7644
LENG8,65969
LEP,1535
LEPR,2613
LEPROTL1,7005
LGALS13,586
LGALS14,477
LGALS8,15219
LGALS9,8880
LGALSL,13566
LGMN,28901
LGR4,7949
LGR5,2911
LGR6,1367
LHCGR,309
LIF,14980
LIFR,4761
LIG3,6925
LIG4,7742
LILRA1,506
LILRA2,390
LILRA4,2109
LILRA5,1822
LILRA6,1621
LILRB1,2801
LILRB2,2127
LILRB3,1538
LILRB4,2664
LILRB5,1404
LIM2,1183
LIMK1,10617
LIN28A,846
LIN28B,1396
LINGO2,330
LINS1,6472
LIPA,24056
LIPC,1000
LIPE,1177
LIPF,361
LIPG,4110
LMBR1L,6838
LMNB1,34638
LMO1,1017
LMO2,3664
LMX1B,538
LONP1,15185
LONRF3,2459
LOX,14153
LOXL1,22067
LOXL2,9181
LPA,3117
LPAR1,2235
LPAR3,3582
LPAR5,6414
LPAR6,7883
LPCAT1,6586
LPIN1,6386
LPL,1717
LPXN,3249
LRATD2,18765
LRBA,14818
LRCH1,12731
LRG1,4111
LRIF1,4881
LRP1,34204
LRP2,739
LRP5,5743
LRP6,18527
LRPPRC,21835
LRRC15,737
LRRC20,2833
LRRC3,6272
LRRC32,12664
LRRC38,587
LRRC3B,378
LRRC45,5371
LRRC47,26538
LRRC59,46513
LRRK2,3659
LRRTM1,759
LRTM1,553
LSG1,21170
LSM12,45873
LTA,1796
LTA4H,18964
LTB4R,6501
LTB4R2,15188
LTBP1,53645
LTBP2,95565
LTBR,30132
LTK,883
LUC7L,21024
LUM,225115
LURAP1,6102
LY6G6C,5555
LY75,14507
LY9,2262
LY96,4272
LYAR,4637
LYN,12966
LYPD2,21215
LZIC,31868
LZTS1,2256
MAB21L1,798
MAB21L2,246
MACC1,12956
MAD1L1,6798
MAD2L1,15705
MAEA,17454
MAF,20889
MAFB,27427
MAFF,16986
MAGEA1,376
MAGEA10,705
MAGEA11,593
MAGEA12,435
MAGEA3,523
MAGEA4,493
MAGEB2,593
MAGEC1,315
MAGEC2,292
MAGI1,2683
MAGI3,5806
MAK,1375
MAL,3295
MAL2,48398
MALL,182273
MALT1,34149
MAML2,4434
MAN1A1,22173
MAN1B1,17080
MAN2B1,21903
MANEA,5589
MAOA,23340
MAOB,4854
MAP1A,4563
MAP1B,19447
MAP1LC3A,13999
MAP1LC3B,29028
MAP1S,4198
MAP2,1218
MAP2K1,27177
MAP2K4,17774
MAP2K5,6621
MAP3K1,15079
MAP3K14,2715
MAP3K15,791
MAP3K20,15282
MAP3K5,13477
MAP3K7,20009
MAP3K7CL,6240
MAP4,46112
MAP4K2,9764
MAP4K3,9990
MAP4K4,27583
MAP4K5,12402
MAP7,16601
MAP7D1,48713
MAPK1,24738
MAPK10,6387
MAPK11,4351
MAPK12,2038
MAPK14,14897
MAPK15,646
MAPK3,24102
MAPK7,4359
MAPK8,11514
MAPK8IP1,3721
MAPK8IP2,1832
MAPK8IP3,9589
MAPK9,12471
MAPKAPK2,50669
MAPRE2,11732
MAPT,1822
MARCO,3892
MARK2,22734
MAS1,650
MASP1,8007
MASP2,1958
MAT1A,185
MAVS,10748
MAX,35884
MBL2,582
MBNL1,42903
MC1R,1183
MC3R,600
MC4R,474
MCAM,9252
MCCC1,16379
MCHR1,1417
MCHR2,666
MCM2,25035
MCM3,26742
MCM3AP,19437
MCM4,51865
MCM5,19544
MCM6,19594
MCM7,29068
MCM9,9062
MCPH1,5936
MCTP2,14290
MCTS1,25771
MDC1,12687
MDFIC,21400
MDM1,12524
MDM2,76610
MDM4,7556
ME1,4197
MECOM,8094
MED1,10970
MED12,11448
MED12L,1803
MEF2A,36491
MEF2C,4448
MEG3,59850
MEGF10,872
MEGF8,5022
MEIOB,1182
MEIS1,14600
MEIS2,5223
MEIS3,18051
MELK,16264
MELTF,12680
MEN1,10253
MEPCE,11479
MERTK,3387
MEST,2319
MET,10938
METRNL,13141
METTL16,8104
METTL18,4005
METTL2A,6543
METTL3,12579
MFAP5,15058
MFF,36794
MFGE8,25516
MFN2,21517
MFRP,1065
MFSD5,4864
MGAM,821
MGMT,11135
MIAT,27732
MICA,4603
MICAL2,20177
MICB,3771
MID2,21362
MIEN1,6167
MIIP,7804
MINDY1,2968
MINDY2,14941
MINPP1,5207
MIPOL1,3534
MITD1,14326
MITF,6747
MKI67,24494
MKNK1,8051
MKRN2,8949
MKRN3,2510
MKX,1602
MLANA,896
MLF1,7259
MLH1,6161
MLPH,7912
MLXIP,14219
MLXIPL,902
MMACHC,3272
MMADHC,40505
MME,3028
MMEL1,1076
MMP11,44684
MMP12,13932
MMP13,3856
MMP14,142216
MMP21,1037
MMP8,554
MMP9,25654
MMRN2,4354
MNDA,17720
MNS1,3786
MNX1,720
MOB2,6432
MOB4,10798
MOG,461
MON2,9594
MOV10,10942
MPDU1,19796
MPDZ,4752
MPHOSPH9,11723
MPI,5092
MPL,925
MPLKIP,1562
MPO,914
MPP1,17843
MPP7,12171
MPPED1,452
MPPED2,3007
MPZ,3962
MPZL1,24152
MR1,6849
MRAP,743
MRAP2,9851
MRC1,21339
MRC2,31598
MRE11,9206
MRFAP1L1,75520
MRGPRX2,730
MRM3,3742
MRPL45,10727
MRTFA,6992
MRTFB,17278
MS4A1,8769
MS4A2,1493
MS4A6A,36738
MSC,3208
MSH2,14879
MSH3,10261
MSH6,15805
MSI1,2078
MSI2,7022
MSLN,1368
MSN,130191
MSR1,9316
MST1,3419
MST1R,2197
MSTN,1061
MT1A,878
MTA1,15499
MTA2,22308
MTAP,41689
MTCH2,33415
MTCL1,7237
MTERF2,4010
MTFR1L,3257
MTHFD1,9841
MTHFR,4455
MTNR1A,296
MTNR1B,322
MTOR,14437
MTPAP,9831
MTR,14385
MTRES1,6548
MTREX,20158
MTRF1,5763
MUC1,9756
MUC16,1733
MUC19,926
MUC4,19926
MUC5AC,5741
MUC5B,63439
MUTYH,4506
MVD,1828
MVP,35569
MX1,61958
MXD1,27026
MXRA7,53998
MYB,4015
MYBBP1A,4663
MYBL2,24952
MYC,14885
MYCBP,29446
MYCL,4327
MYCN,1715
MYD88,12211
MYEF2,2436
MYH1,363
MYH10,10459
MYH11,274262
MYH13,428
MYH2,461
MYH4,299
MYH9,206029
MYL9,216952
MYLIP,3671
MYLK,64840
MYLK2,1780
MYLK3,765
MYNN,6791
MYO15A,1998
MYO18B,592
MYO1B,24142
MYO1C,45511
MYO1D,14823
MYO1E,27615
MYO1F,3275
MYO5A,6390
MYO5B,14228
MYO6,22902
MYOD1,271
MYOF,37451
MYOT,1130
MZB1,4117
MZF1,5522
N4BP2,8195
NAA15,24370
NAA16,10517
NAA40,8315
NAAA,10201
NACC2,4227
NAIF1,3371
NAIP,20532
NAMPT,286974
NANOG,1157
NAP1L3,3222
NAP1L4,37489
NAP1L5,9358
NAT1,1135
NAT10,2349
NAT2,458
NAV1,7906
NAV2,13820
NBL1,133138
NBN,25904
NBPF3,814
NCAM1,5834
NCBP1,15669
NCBP3,18078
NCCRP1,33498
NCEH1,5814
NCF1,7082
NCF2,4945
NCF4,3186
NCK1,64647
NCLN,12581
NCOA1,13494
NCOA2,16262
NCOA3,17775
NCOA4,26642
NCOR1,23170
NCOR2,61944
NCR1,666
NCR2,400
NCR3,1972
NCS1,13762
NCSTN,27488
NDNF,1580
NDP,1523
NDRG1,266515
NDRG2,34095
NDRG4,4427
NDST4,2059
NDUFA3,5639
NDUFAB1,12668
NEBL,1825
NECAB2,646
NECTIN1,35845
NECTIN2,25409
NECTIN3,4340
NEDD4,7753
NEDD4L,7475
NEDD9,14801
NEFH,20013
NEFL,3452
NEFM,3304
NEIL3,2601
NEK1,8053
NEK11,3331
NEK2,7879
NEK3,2943
NEK4,9355
NEK5,571
NEK6,7646
NEK8,3258
NELL1,486
NEMP1,12410
NEPRO,31453
NES,18213
NETO1,838
NEURL4,6024
NEUROD1,415
NEUROD2,845
NEUROG2,1055
NEXN,2565
NF1,17657
NF2,15234
NFAT5,7728
NFATC1,5250
NFATC2,4406
NFATC3,13482
NFATC4,19159
NFE2L1,36389
NFE2L2,159020
NFE2L3,10767
NFKB1,20873
NFKB2,19297
NFX1,25077
NGB,407
NGDN,6093
NGF,706
NGFR,9141
NHLH2,2538
NIBAN1,9986
NIBAN3,8333
NIFK,10449
NIN,26146
NINJ1,9637
NIPSNAP1,30857
NIPSNAP3A,9768
NKAPD1,10220
NKAPL,1106
NKRF,8539
NKX2-1,698
NKX2-3,473
NKX2-4,630
NKX2-8,752
NKX3-1,1223
NLE1,2423
NLGN3,899
NLRC5,8443
NLRP1,8449
NLRP11,372
NLRP2,541
NLRP3,1328
NLRP5,346
NLRP6,891
NLRP7,409
NLRP9,658
NMB,4278
NME1,38259
NMNAT1,3797
NMU,29660
NNAT,1800
NOA1,9137
NOC3L,10913
NOD1,6951
NOD2,2726
NODAL,1052
NOL4,574
NOL4L,9763
NOLC1,30184
NOM1,7455
NOMO3,5926
NONO,121297
NOP2,6843
NORAD,113186
NOS1,255
NOS1AP,1698
NOS2,1325
NOS3,5702
NOSTRIN,4151
NOTCH1,36357
NOTCH2,53054
NOTCH2NLA,178218
NOTCH3,23340
NOTCH4,6560
NOX1,525
NOX4,2634
NPAS4,1210
NPAT,12334
NPC1,13800
NPC1L1,935
NPFFR2,597
NPM3,12003
NPNT,12262
NPPA,2456
NPPB,602
NPPC,1071
NPR1,1443
NPR3,2302
NPSR1,602
NPTN,75761
NPTX2,1190
NPY1R,2890
NPY2R,421
NQO1,5244
NQO2,5789
NR0B1,574
NR0B2,1013
NR1H2,31321
NR1H3,5855
NR1H4,770
NR1I2,537
NR1I3,921
NR2C2,7289
NR2E3,1617
NR3C1,10661
NR3C2,1570
NR4A1,18819
NR4A3,7210
NR5A1,620
NR5A2,2302
NR6A1,1017
NRAS,21176
NRDE2,3944
NREP,74298
NRF1,3350
NRIP1,28803
NRK,2809
NRN1,8664
NRP1,9749
NRP2,4724
NRROS,1754
NRSN1,804
NRSN2,3803
NRXN2,3680
NSD2,32010
NSUN2,18721
NSUN5,20564
NT5C2,18220
NT5DC2,11517
NT5DC3,1959
NT5E,20674
NTF3,1621
NTMT1,8904
NTN1,6222
NTN4,6401
NTNG2,3166
NTPCR,9382
NTRK1,997
NTRK2,4808
NTS,3674
NTSR1,571
NTSR2,334
NUAK2,10469
NUCB2,36798
NUDCD1,6914
NUDCD2,16417
NUDT1,15216
NUDT16L1,6523
NUDT21,33230
NUMA1,37915
NUMB,13397
NUP107,8486
NUP153,25738
NUP214,4173
NUP62,8159
NUP93,6400
NUP98,25913
NUS1,34930
NUSAP1,23014
NUTF2,21798
NVL,5135
NXF1,12724
NXF3,841
NXN,15282
NXPH2,498
NXPH4,23072
NXT2,22011
NYX,1003
OAS1,9747
OAS3,18368
OBP2A,638
OCLN,12869
OCM2,857
OCRL,14604
ODF2L,21181
ODR4,8160
OGDH,19288
OGFR,9584
OGG1,3088
OGT,37212
OIT3,319
OLFM1,9796
OLFM2,5447
OLFML3,21722
OLIG1,676
OLIG2,799
OLR1,1906
ONECUT3,880
OPALIN,335
OPN1LW,1039
OPRD1,1021
OPRK1,563
OPRL1,923
OPRM1,426
OPRPN,553
OPTN,31870
ORAI2,5419
ORAI3,18457
ORC6,4308
OSBP2,3831
OSCP1,2672
OSGIN1,10381
OSGIN2,9684
OSM,1770
OSR2,4890
OTOF,820
OTUB1,8335
OTX2,448
OVOL2,916
OXER1,716
OXSM,3494
OXSR1,16584
OXTR,304
P2RX1,1851
P2RX3,518
P2RX4,7068
P2RX5,5776
P2RX7,2970
P2RY1,12166
P2RY12,1336
P2RY13,4007
P2RY14,1818
P2RY2,15562
P2RY6,1281
P4HA1,22124
P4HA3,2386
P4HB,106649
P4HTM,4594
PABPC1L,17998
PABPC4,28890
PACC1,3640
PADI2,5493
PADI4,909
PAEP,268
PAGE4,624
PAH,263
PAIP2,53736
PAK1,21801
PAK1IP1,9557
PAK2,53021
PAK4,22532
PALB2,4028
PALLD,40125
PALMD,4779
PAM,41023
PAMR1,14515
PANK2,6507
PANX1,4552
PANX2,4134
PANX3,1011
PAPPA,3795
PAPPA2,3793
PAPSS1,19315
PARD3,17009
PARK7,67723
PARM1,11783
PARP1,34829
PARP11,3623
PARP15,2923
PARP3,3878
PART1,1315
PASD1,821
PAWR,39132
PAX1,377
PAX2,753
PAX3,948
PAX5,723
PAX6,1511
PAX7,640
PAX8,3097
PBDC1,10623
PBK,3285
PBLD,4112
PBX1,17256
PBX3,10454
PBXIP1,18679
PC,2454
PCA3,1253
PCAT1,3918
PCBD1,11713
PCBD2,5041
PCBP3,570
PCCB,12587
PCDH10,893
PCDH11X,472
PCDH11Y,137
PCDH17,4851
PCDH18,8550
PCDH20,1603
PCDH8,455
PCDHA1,349
PCDHA2,366
PCDHA4,668
PCDHA9,297
PCDHB14,2822
PCGEM1,422
PCID2,14559
PCK1,445
PCNA,45636
PCNX3,10067
PCP2,1055
PCSK1,1650
PCSK9,3944
PDCD1,1416
PDCD10,13049
PDCD1LG2,5085
PDCD4,33350
PDCD6,34364
PDCD6IP,11082
PDE10A,1733
PDE2A,2943
PDE3A,1034
PDE4A,3515
PDE4B,7273
PDE4DIP,8328
PDE5A,14467
PDE6H,686
PDGFA,12578
PDGFB,8345
PDGFC,19018
PDGFD,1086
PDGFRA,23914
PDGFRB,54032
PDGFRL,3928
PDHA1,24884
PDHB,15949
PDIA2,230
PDIA3,86301
PDIA4,64733
PDK1,10211
PDLIM2,2997
PDLIM4,7348
PDPK1,13589
PDPN,25656
PDX1,543
PDXDC1,42421
PDYN,484
PDZD4,2665
PDZD7,1341
PDZK1,1799
PEA15,64119
PEBP4,930
PECAM1,21940
PEF1,22070
PEG10,5787
PELO,10328
PELP1,7011
PENK,2817
PEPD,7048
PER1,20357
PER2,4951
PER3,34078
PFKFB3,24397
PFKP,17275
PGA3,3517
PGAM5,7954
PGAP1,2566
PGAP2,5543
PGBD1,2467
PGD,34558
PGF,11432
PGGT1B,7446
PGK1,98386
PGM1,12055
PGR,30592
PHB,7838
PHB2,52524
PHETA1,4397
PHEX,2059
PHF10,41591
PHF12,5164
PHF21B,2634
PHF23,14469
PHF6,13284
PHF7,1138
PHF8,10518
PHGDH,13488
PHLDA3,4108
PHLDB2,13697
PHLDB3,12652
PHLPP1,6411
PHOX2B,609
PI16,8583
PI4KA,20719
PIBF1,10290
PICALM,35226
PID1,2458
PIEZO1,12350
PIEZO2,3562
PIGF,8961
PIH1D1,12466
PIK3C3,21635
PIK3CA,23474
PIK3CB,21882
PIK3CD,3924
PIK3CG,5670
PIK3R1,23838
PIK3R2,20002
PIKFYVE,18573
PILRA,1041
PIM1,64178
PIM2,15456
PIMREG,7579
PIN1,7075
PINK1,25242
PIP4K2A,6854
PITHD1,36247
PITPNB,46921
PITX1,22722
PITX2,1462
PIWIL1,897
PKD1,12656
PKD1L1,1009
PKD2,5190
PKD2L1,1223
PKHD1,499
PKIA,1054
PKM,261531
PKNOX2,776
PKP2,5426
PLA2G4A,1988
PLA2G5,802
PLA2G6,2785
PLA2G7,4059
PLA2R1,6091
PLAGL1,8463
PLAGL2,31413
PLAT,42917
PLAU,48095
PLAUR,48371
PLCB1,4539
PLCE1,3582
PLCG1,22549
PLCG2,1389
PLD1,18642
PLD2,7518
PLEC,112227
PLEKHA1,38866
PLEKHA2,12759
PLEKHB2,5322
PLEKHH2,9228
PLEKHM2,10951
PLEKHO1,13116
PLG,363
PLIN1,1147
PLIN2,3404
PLIN4,1337
PLIN5,1552
PLK1,10103
PLK4,8344
PLN,7083
PLP2,144313
PLPP3,201480
PLS3,92763
PLSCR1,40558
PLTP,7542
PLVAP,22495
PLXDC1,2477
PLXNB1,42524
PLXNB2,108937
PLXNC1,6595
PM20D1,263
PM20D2,19933
PMAIP1,40305
PMCH,809
PMFBP1,429
PML,19636
PMM2,18687
PMP22,18041
PMS1,11275
PMS2,7179
PNMA1,11787
PNMA2,895
PNOC,1008
PNP,6860
PNPLA1,738
PNPLA2,18982
PNPLA3,1957
PNPLA6,9368
PNPT1,6432
PODXL,11990
POGLUT2,5183
POGZ,24378
POLB,12934
POLD1,3806
POLDIP2,18745
POLE,4213
POLH,9108
POLR2A,38022
POLR2B,26019
POLR2C,33441
POLR2E,10482
POLR2G,24989
POLR2H,29118
POLR2M,39605
POMC,737
POMGNT1,14124
POMT1,4815
PON1,398
PON2,6147
POPDC3,410
POR,12177
PORCN,4359
POSTN,76011
POTEF,2754
POTEI,2693
POTEJ,658
POU1F1,644
POU2AF1,7204
POU2F1,7940
POU2F2,2049
POU2F3,902
POU3F1,2311
POU3F3,386
POU3F4,482
POU4F3,442
POU5F1,9872
PPARA,3792
PPARD,18894
PPARG,1628
PPARGC1A,3402
PPFIA1,16749
PPFIA3,1650
PPFIA4,3053
PPIC,21660
PPID,13988
PPIF,12579
PPM1A,42956
PPM1D,10496
PPM1H,1709
PPP1CA,36622
PPP1R15B,36511
PPP1R16B,5909
PPP1R1B,2227
PPP1R1C,962
PPP1R37,12644
PPP1R7,15005
PPP1R9B,24460
PPP2CA,46467
PPP2R1A,20477
PPP2R3A,14896
PPP2R3C,16215
PPP3CA,13967
PPP4R1,62757
PPP4R4,2861
PRAME,2145
PRCP,23838
PRDM1,12157
PRDM10,3066
PRDM12,1437
PRDM13,560
PRDM15,6588
PRDM6,2448
PREP,12916
PREPL,7929
PRF1,964
PRG2,501
PRG4,584
PRICKLE1,8380
PRKAA1,15298
PRKAA2,1476
PRKAB1,9436
PRKACA,24639
PRKACB,11333
PRKAG1,16301
PRKAG2,6475
PRKAR1A,66612
PRKCA,2848
PRKCB,1964
PRKCD,8617
PRKCE,2946
PRKCG,523
PRKCH,9610
PRKCI,44653
PRKCQ,3320
PRKCZ,5129
PRKD1,1929
PRKD3,16396
PRKDC,104637
PRKN,736
PRKRA,9693
PRL,723
PRLR,11285
PRM1,1095
PRMT1,24691
PRMT5,13231
PRMT8,1204
PRMT9,3733
PRNCR1,1429
PRNP,47469
PROC,802
PROCR,20166
PRODH,1728
PROKR2,294
PROM1,2678
PROM2,46351
PROP1,724
PROS1,9464
PROSER1,14765
PROX1,1304
PRPF19,23686
PRPF3,14260
PRPF31,15265
PRPF8,57969
PRPH,1191
PRPH2,1296
PRPS1,16038
PRPS2,22214
PRPSAP1,25343
PRR11,16777
PRR13,28731
PRR14L,7267
PRRC2A,78092
PRRG2,4319
PRRT2,4394
PRRX1,19212
PRSS16,3854
PRTN3,641
PRXL2A,37521
PSD,3170
PSD3,11382
PSEN1,4706
PSEN2,2487
PSENEN,3966
PSG1,1289
PSIP1,20916
PSKH1,8107
PSMA6,41574
PSMB5,12994
PSMC2,15361
PSMC5,67687
PSMD1,19241
PSMD10,30437
PSMD2,33389
PSMD3,44248
PSMD4,20507
PSME3,40119
PSPC1,17799
PSRC1,3108
PSTPIP2,5579
PTAFR,9318
PTBP1,40572
PTBP2,4410
PTCD1,2925
PTCD2,2037
PTCD3,18306
PTCH1,12271
PTDSS1,21214
PTEN,40174
PTGDR,3263
PTGDR2,691
PTGER2,6454
PTGER3,1201
PTGER4,4763
PTGES,8762
PTGES3,125598
PTGFR,1288
PTGFRN,38969
PTGIR,2360
PTGIS,3989
PTGS1,1699
PTGS2,15898
PTH,624
PTH1R,1697
PTH2R,863
PTHLH,27794
PTK2,25922
PTK2B,7434
PTK6,7842
PTK7,30629
PTOV1,7329
PTP4A1,36892
PTP4A3,5833
PTPA,10742
PTPDC1,2479
PTPN1,54012
PTPN11,37873
PTPN13,36603
PTPN2,49380
PTPN22,3089
PTPN5,1029
PTPN6,11849
PTPRB,18568
PTPRF,70500
PTPRG,16882
PTPRJ,3276
PTPRM,7768
PTPRQ,889
PTPRU,11358
PTPRZ1,18340
PTTG1,25210
PTX3,1248
PUM3,16479
PURB,40876
PUSL1,2511
PVR,17827
PVT1,30027
PWP1,14667
PWWP3A,2929
PXN,11308
PYCARD,13328
PYGB,16705
PYGL,9658
PYGM,1018
PYM1,12652
PZP,780
QPCTL,1943
QRFPR,3251
R3HDM1,12694
R3HDM2,17369
RAB11A,37978
RAB11FIP1,68458
RAB11FIP5,3449
RAB27A,5510
RAB28,10172
RAB5A,34884
RAB6C,1701
RAB7A,81801
RAB8A,33910
RAB9A,32029
RABL2B,3297
RABL3,12613
RABL6,20483
RAC1,357696
RACGAP1,9660
RAD18,9248
RAD50,10484
RAD51,3127
RAD52,3290
RAD54L,7374
RAD54L2,9398
RAF1,28753
RAG1,755
RAI14,34685
RAI2,8792
RALGPS1,4544
RAN,121528
RANBP2,73254
RANBP3,17826
RANBP9,83081
RANGAP1,22627
RAP1A,82730
RAP2A,18842
RAPGEF3,3754
RAPGEF5,5272
RAPGEF6,7096
RARA,23615
RARB,8850
RASA1,16000
RASD1,23297
RASD2,1678
RASGEF1C,597
RASGRP1,6143
RASSF1,14913
RASSF2,16715
RASSF3,29177
RASSF4,3390
RASSF5,15754
RASSF8,16741
RAVER1,6207
RB1,32790
RBBP4,68189
RBBP5,6757
RBBP7,26235
RBBP8,47651
RBCK1,9391
RBL2,14926
RBM10,14642
RBM12,23529
RBM14,10983
RBM15,15277
RBM19,6828
RBM20,1595
RBM23,18037
RBM27,16814
RBM34,13489
RBM38,13373
RBMS1,12952
RBMS2,11507
RBMS3,4008
RBMX,50962
RBPJ,12330
RBPMS,11831
RBX1,7317
RC3H1,14176
RC3H2,31076
RCAN2,2821
RCC1,8325
RCN2,19435
RCOR1,22163
RCOR3,11383
RDM1,4996
RECK,4788
RECQL,18882
RECQL4,2077
REEP4,8953
REEP6,1175
REL,15789
RELA,23410
RELB,13037
RELN,983
RELT,6151
REN,1092
REPS1,10423
RERG,5824
REST,9912
RET,2678
RETN,150
RETREG1,2262
RETREG3,23009
REXO2,10603
RFC3,8243
RFC4,21462
RFC5,13402
RFPL3,429
RFTN1,7974
RFX1,9194
RFX2,5134
RFX4,234
RFX5,16545
RGL3,13944
RGN,2605
RGPD1,7602
RGPD6,24913
RGPD8,19273
RGS4,4465
RGS5,3167
RHAG,978
RHBDD1,9423
RHBDD2,23253
RHCE,575
RHD,1580
RHEB,3611
RHOA,98220
RHOC,38119
RHOH,3180
RHOT1,12661
RHOXF2,868
RIC8A,19772
RIDA,3707
RILPL1,5684
RILPL2,1919
RIMS3,1578
RIMS4,2353
RIOX1,4692
RIPK1,10565
RIPK2,7444
RIPK3,2072
RIPK4,37269
RIPOR1,5036
RITA1,2337
RLF,6538
RLN1,1701
RLN2,719
RLN3,916
RMDN1,11387
RMND1,10544
RMND5A,38260
RNASE3,919
RNASEH2B,25014
RNASEL,2535
RNF112,2147
RNF121,14352
RNF128,1740
RNF167,29024
RNF180,2745
RNF187,60987
RNF2,9422
RNF26,2612
RNF31,9508
RNF38,16200
RNF39,2984
RNF43,5184
RO60,10821
ROBO4,3221
ROCK1,31871
ROCK2,10447
ROR1,3429
ROR2,6542
RORB,3199
RORC,1574
ROS1,1366
RP1L1,1032
RPA1,18214
RPA2,34328
RPA3,13538
RPAP1,3131
RPAP3,6623
RPE65,214
RPF1,14981
RPN1,76617
RPRM,4424
RPRML,575
RPS6KA5,8292
RPTOR,4615
RPUSD2,2613
RRAD,1246
RRAS,11028
RREB1,32927
RRM1,53194
RRM2,71078
RRP12,2751
RRP15,6831
RRP1B,11605
RRS1,14423
RS1,485
RSAD2,7315
RSBN1,7920
RSPH9,2132
RSPO2,719
RSPO3,3672
RSPRY1,13584
RSRC1,24183
RTCB,20653
RTKN2,11083
RTL1,611
RTL8C,22312
RTN1,839
RTN4,80432
RTN4IP1,4359
RUBCN,9689
RUBCNL,5704
RUFY2,8443
RUNX1,19244
RUNX1T1,2940
RUNX2,10956
RUNX3,8944
RUVBL1,15650
RUVBL2,11037
RWDD1,8062
RWDD4,14250
RXFP1,434
RXFP2,463
RXFP3,369
RXRA,19864
RYR1,6327
S100A1,2372
S100A3,3229
S1PR1,5594
S1PR3,22059
S1PR5,13157
SAA4,925
SAC3D1,2201
SACS,7555
SAFB,34398
SALL4,866
SAMD4A,4920
SAMD5,3371
SAMD9,37944
SAMHD1,20242
SAPCD2,7199
SART1,18815
SART3,20178
SASH1,3510
SAT2,13380
SATB1,4486
SATB2,1619
SAXO1,536
SBNO1,19315
SBNO2,5915
SCAF4,17604
SCAMP4,3465
SCAPER,4963
SCARB1,3681
SCFD2,4697
SCG2,824
SCG5,696
SCGB1D1,569
SCGB1D2,598
SCGN,533
SCIMP,3424
SCIN,1047
SCML2,2199
SCN3A,744
SCN4B,2108
SCN7A,1686
SCN8A,1400
SCN9A,781
SCNN1A,23665
SCNN1G,2469
SCPEP1,69795
SCRIB,12414
SCRN1,10678
SDAD1,8595
SDC2,47731
SDC3,16470
SDC4,81548
SDF2L1,11324
SDHA,51381
SDHAF3,4498
SDHB,25715
SDK2,13198
SEC13,16711
SEC14L3,1737
SEC16A,20765
SEC23B,9668
SECISBP2L,7075
SEL1L,22480
SELE,2956
SELENBP1,3121
SELENOT,27646
SELL,1934
SELP,4502
SELPLG,7211
SEMA3A,3603
SEMA3C,41948
SEMA3D,1901
SEMA3F,13604
SEMA4B,44142
SEMA4C,22597
SEMA4D,10941
SEMA7A,5367
SENP1,11006
SENP6,45750
SEPTIN4,9378
SEPTIN5,11829
SEPTIN6,16171
SEPTIN9,120782
SERPINA12,863
SERPINA3,5294
SERPINA5,1015
SERPINA9,633
SERPINB2,18332
SERPINB4,50879
SERPINB5,9076
SERPINB7,3089
SERPINB9,3075
SERPINC1,331
SERPIND1,1256
SERPINE1,106038
SERPINF2,834
SERPINH1,72716
SERPINI2,576
SESN2,3694
SESN3,8766
SETD4,6368
SETDB1,4714
SEZ6L,374
SEZ6L2,3524
SF3A1,33062
SF3B1,72783
SF3B3,18433
SF3B4,16080
SFPQ,74616
SFRP1,118317
SFRP4,295426
SFRP5,534
SFSWAP,5386
SFXN1,9764
SFXN2,9749
SGCA,1082
SGK1,68710
SGSH,4995
SH2B2,1782
SH2D1A,8642
SH2D1B,1299
SH2D2A,4052
SH2D3C,4321
SH3BGR,2240
SH3BGRL2,26612
SH3BP5,14457
SH3BP5L,12483
SH3GLB2,9157
SH3RF2,11161
SH3TC2,1656
SHANK3,8023
SHARPIN,5289
SHBG,772
SHC1,39065
SHC4,694
SHD,1824
SHFL,6438
SHH,2315
SHLD1,2592
SHLD2,15286
SHMT1,10750
SHMT2,34546
SHOX,466
SHROOM1,3161
SIAE,3663
SIAH1,7655
SIGIRR,5820
SIGLEC1,2183
SIGLEC11,859
SIGLEC6,1499
SIGLEC7,802
SIGLEC9,1844
SIGMAR1,27323
SIK2,4497
SIK3,6623
SIM2,2322
SIMC1,3525
SIN3A,32183
SINHCAF,21364
SIRPA,19855
SIRPB1,1160
SIRPG,1428
SIRT1,8219
SIRT2,5604
SIRT3,4707
SIRT6,3683
SIRT7,10493
SIX1,5480
SKA3,8877
SKP1,68473
SKP2,8116
SLAMF1,2317
SLAMF6,2975
SLAMF7,8465
SLAMF8,1996
SLC10A1,599
SLC11A1,1928
SLC11A2,22107
SLC12A2,9437
SLC12A6,9675
SLC15A1,1014
SLC16A1,6767
SLC16A4,3012
SLC16A9,3814
SLC17A5,6229
SLC17A6,108
SLC17A7,1613
SLC17A8,720
SLC18A2,9177
SLC19A1,1262
SLC1A1,1080
SLC1A2,1431
SLC1A3,1814
SLC1A5,51792
SLC20A2,8665
SLC22A1,928
SLC22A12,756
SLC22A2,1184
SLC22A4,2735
SLC22A5,3965
SLC22A8,525
SLC22A9,468
SLC23A2,5533
SLC24A1,3510
SLC24A4,1061
SLC25A1,47472
SLC25A10,2725
SLC25A11,16116
SLC25A13,5922
SLC25A17,12196
SLC25A31,1496
SLC25A39,12436
SLC25A4,7890
SLC25A40,9505
SLC26A2,7367
SLC26A3,628
SLC29A1,9908
SLC29A3,2829
SLC2A1,155381
SLC2A2,737
SLC2A3,44408
SLC2A4,1578
SLC2A4RG,42621
SLC2A9,5213
SLC30A7,6631
SLC30A8,299
SLC35E1,21060
SLC35G2,5333
SLC37A4,3571
SLC38A7,1774
SLC39A11,6111
SLC39A8,12380
SLC39A9,42795
SLC3A1,669
SLC3A2,13778
SLC40A1,36714
SLC43A2,6462
SLC4A1,1053
SLC4A1AP,11879
SLC5A1,1651
SLC5A2,967
SLC5A3,14620
SLC5A5,1233
SLC5A7,462
SLC6A1,1409
SLC6A12,544
SLC6A17,959
SLC6A2,556
SLC6A3,1078
SLC6A4,844
SLC6A5,503
SLC6A9,6807
SLC7A11,799
SLC7A5,7447
SLC7A7,5082
SLC9A1,7741
SLC9A3,1887
SLC9A3R1,55371
SLC9A3R2,13099
SLCO1B1,485
SLCO1B3,1729
SLCO1C1,807
SLCO2A1,42908
SLCO2B1,8612
SLFN11,3066
SLFN5,14808
SLIT2,5783
SLIT3,5646
SLITRK1,577
SLITRK2,684
SLITRK4,1123
SLITRK5,414
SLMAP,45198
SMAD1,7228
SMAD2,42391
SMAD3,34814
SMAD4,34295
SMAD7,13434
SMAP2,18825
SMARCA1,11262
SMARCA2,47978
SMARCA4,36723
SMARCA5,41832
SMARCAD1,14766
SMARCAL1,8553
SMARCB1,24845
SMARCC1,39502
SMARCE1,47870
SMC1A,72596
SMC3,35989
SMC4,78041
SMCHD1,23769
SMN1,46240
SMN2,9840
SMO,5705
SMOC1,1581
SMOC2,21111
SMOX,4222
SMPD1,4591
SMPD3,834
SMPDL3B,1967
SMTN,16176
SMURF1,11933
SMURF2,10141
SMYD3,4278
SNAI1,2587
SNAI2,70072
SNAP23,16704
SNAP25,628
SNAP47,4593
SNCA,2918
SND1,30156
SNHG1,13575
SNHG11,1571
SNHG15,108408
SNHG17,1933
SNHG8,2014
SNRNP200,50339
SNRPB,15836
SNRPD1,18793
SNRPD3,51302
SNTB2,10604
SNTG2,753
SNURF,8000
SNX1,41869
SNX10,9561
SNX11,6857
SNX15,7336
SNX16,15683
SNX17,28435
SNX19,6311
SNX27,15909
SNX29,6746
SNX30,8666
SNX33,21569
SNX4,10880
SNX8,4070
SOAT1,4619
SOCS1,8638
SOCS2,28887
SOCS3,50103
SOD1,91950
SOD3,8464
SOHLH2,1138
SORCS1,957
SORCS2,1576
SORD,35228
SORL1,14771
SORT1,8921
SOS1,22637
SOST,103595
SOSTDC1,638
SOX1,2824
SOX10,1551
SOX11,236
SOX14,934
SOX17,3315
SOX18,2558
SOX2,24602
SOX2-OT,204179
SOX21,7922
SOX30,3757
SOX5,5866
SOX6,2386
SOX8,1061
SOX9,16320
SP1,11504
SP110,14255
SP140,8068
SP3,61479
SP9,2326
SPA17,1254
SPAAR,1289
SPAG1,1415
SPAG17,1024
SPAG5,8536
SPAG6,777
SPAG8,1765
SPANXB1,629
SPART,22739
SPATA16,443
SPATA18,4028
SPATA22,874
SPATA4,982
SPATA5,6663
SPATA5L1,5794
SPATA7,3929
SPATS2,11370
SPATS2L,50880
SPDYA,3083
SPECC1,33848
SPECC1L,21869
SPHK1,11522
SPI1,7067
SPIB,1550
SPICE1,16627
SPIN1,47490
SPIN2A,2271
SPIN3,6624
SPINK7,8070
SPN,3030
SPO11,1716
SPOCK1,9316
SPON1,5228
SPON2,15964
SPPL2A,19327
SPRR3,1384732
SPRY2,3401
SPRYD7,2931
SPTA1,776
SPTBN1,41011
SPZ1,585
SQLE,52960
SQSTM1,47682
SRA1,17078
SRC,6691
SRCAP,18464
SRCIN1,1567
SRD5A1,13566
SRD5A2,950
SRD5A3,7768
SREBF1,25582
SREBF2,42588
SRF,23051
SRFBP1,7693
SRI,20996
SRPK1,15230
SRPX,3202
SRSF1,122927
SRSF2,14987
SRY,28
SS18,39063
SSB,38303
SSBP3,34555
SSRP1,32030
SSTR1,465
SSTR2,1750
SSTR3,2508
SSTR4,359
SSTR5,586
SSX1,411
SSX2,1155
SSX2IP,12644
SSX4,565
ST14,52744
ST6GAL1,5618
STAB1,14265
STAC3,1543
STAP1,962
STAR,1237
STAT1,60097
STAT2,12631
STAT3,43316
STAT4,2816
STAT5A,5993
STAT5B,8582
STAT6,40787
STAU1,46680
STAU2,8081
STC2,4557
STEAP1,8375
STEAP4,3287
STH,1121
STIL,9353
STIM1,21913
STIM2,14184
STK11,20393
STK16,11781
STK3,8355
STK31,652
STK32A,643
STK32C,1990
STK33,1825
STK35,6821
STK39,8133
STK4,7479
STK40,21849
STMN1,62321
STMN2,1162
STMN3,3511
STOML1,2466
STRIP1,8216
STRIP2,2357
STRN3,23214
STRN4,16574
STS,5120
STUB1,22644
STX11,2186
STX1A,2843
STX7,19956
STXBP4,5575
STXBP5,7819
STYK1,5089
SUGCT,2547
SUGP2,19823
SULF1,55783
SULF2,37316
SULT1A1,4140
SULT2A1,243
SUMO1,39667
SUMO4,41842
SUPV3L1,5092
SURF6,13810
SUV39H1,4922
SV2C,635
SVEP1,1881
SVIL,30809
SWT1,3707
SYCP1,587
SYK,9308
SYNCRIP,68835
SYNGR3,9687
SYNM,7323
SYNPO2,13391
SYNRG,4623
SYP,2576
SYT16,537
SYTL2,5342
SYVN1,8649
TAB1,6073
TAB2,17394
TAC1,458
TAC3,1193
TAC4,831
TACC2,17789
TACR1,842
TACR2,1181
TACR3,309
TADA2A,9530
TAF1,22431
TAFA4,589
TAFA5,5650
TAL1,1394
TAL2,515
TANGO2,9114
TAP1,29923
TAP2,15961
TARDBP,51670
TAS2R38,610
TASOR,26629
TASOR2,3315
TBC1D10C,6389
TBC1D22B,7564
TBC1D30,821
TBC1D8B,6461
TBCK,7512
TBK1,14586
TBL1Y,39
TBL2,15594
TBP,8724
TBR1,520
TBRG4,7483
TBX15,437
TBX19,2634
TBX2,4844
TBX21,771
TBX3,4742
TBX4,936
TBX5,197
TBXA2R,2253
TBXAS1,2704
TC2N,13141
TCEA3,9735
TCEANC,2936
TCEANC2,2529
TCERG1L,686
TCF20,24370
TCF21,1138
TCF3,13880
TCF4,34659
TCF7,7626
TCF7L2,2357
TCFL5,6166
TCIM,17645
TCL1A,708
TCOF1,9606
TCP1,65855
TDGF1,3448
TDO2,382
TDRD3,16483
TDRD7,6502
TEC,3023
TECPR1,5145
TEDC1,2787
TEFM,7307
TEK,4295
TEKT1,1592
TEKT3,511
TEKT4,676
TELO2,5635
TENT5B,2630
TENT5C,4420
TERF1,18024
TERF2,12068
TERT,715
TES,27250
TESK2,2214
TET1,2975
TET2,17773
TEX11,644
TEX14,975
TEX30,4068
TEX35,731
TFAM,23537
TFAP2A,28185
TFAP2B,614
TFE3,36353
TFEB,7394
TFPI,11400
TFPI2,1570
TFR2,1554
TFRC,66897
TG,399
TGFA,29085
TGFB1,6355
TGFB1I1,8960
TGFB2,6307
TGFB3,28095
TGFBR1,18083
TGFBR2,35112
TGFBR3,24263
TGM1,41263
TGM2,23671
TGM3,336
TGM4,734
TGM6,338
TH,372
THAP11,11516
THAP2,3932
THAP3,3612
THBD,18736
THBS1,115812
THBS2,21647
THEM6,3194
THEMIS,822
THEMIS2,10289
THPO,1357
THRA,10593
THRB,658
THSD4,46530
THUMPD3,10208
THY1,100860
THYN1,6738
TIAM1,17352
TIAM2,954
TICAM1,5531
TICAM2,3266
TICRR,4813
TIE1,6073
TIGD5,2214
TIGIT,5559
TIMD4,1195
TIMM29,10930
TIMM50,4160
TIMP2,134397
TIMP3,208593
TIMP4,957
TINAG,848
TINAGL1,30293
TIPARP,24570
TIRAP,3221
TJP1,47620
TJP2,31370
TK1,20391
TKT,50828
TKTL1,1308
TLE6,1253
TLK1,22357
TLK2,19401
TLR1,4312
TLR10,2054
TLR2,5394
TLR3,3501
TLR4,6339
TLR5,3472
TLR6,1655
TLR7,1985
TLR8,3238
TLR9,895
TM4SF5,344
TM6SF2,619
TM9SF4,30218
TMA16,20177
TMBIM4,22119
TMEFF2,564
TMEM100,8052
TMEM101,19334
TMEM106B,17756
TMEM109,26529
TMEM119,11517
TMEM120B,5483
TMEM123,24327
TMEM126A,4775
TMEM130,864
TMEM14C,59346
TMEM164,16853
TMEM173,34053
TMEM185A,8869
TMEM192,7370
TMEM200A,7526
TMEM201,4654
TMEM209,10008
TMEM237,6756
TMEM255B,13611
TMEM33,14508
TMEM39A,10393
TMEM43,11256
TMEM45A,92524
TMEM45B,6500
TMEM97,14115
TMEM98,15834
TMEM9B,19597
TMIGD2,667
TMPO,29551
TMPRSS11E,56259
TMPRSS13,3326
TMPRSS2,20977
TMPRSS6,843
TMTC3,7167
TMTC4,3573
TMUB2,5879
TMX1,45917
TMX2,51578
TNC,132934
TNF,1414
TNFAIP8,32517
TNFRSF10A,5704
TNFRSF10B,13928
TNFRSF10C,903
TNFRSF10D,6358
TNFRSF11A,6102
TNFRSF11B,3099
TNFRSF12A,6804
TNFRSF13B,796
TNFRSF13C,5858
TNFRSF14,19064
TNFRSF17,997
TNFRSF18,2200
TNFRSF1A,20351
TNFRSF1B,11026
TNFRSF21,35685
TNFRSF6B,2249
TNFRSF8,2099
TNFRSF9,6896
TNFSF10,68493
TNFSF11,631
TNFSF12,10118
TNFSF13,5537
TNFSF13B,3077
TNFSF14,1953
TNFSF15,1170
TNFSF18,1477
TNFSF4,6052
TNFSF8,4063
TNFSF9,5787
TNIP1,51951
TNK2,8593
TNKS,8660
TNMD,622
TNNI3,1589
TNNT2,800
TNPO3,18002
TNR,534
TNS2,11831
TNS4,123164
TNXB,11611
TOLLIP,9046
TOM1L2,11636
TOMM34,9239
TOMM40,5978
TONSL,3952
TOP1,42156
TOP1MT,4760
TOP2A,28636
TOP2B,36007
TOP3B,5915
TOPBP1,49322
TOR1A,9814
TOR3A,7763
TOX,1915
TOX2,3412
TOX4,22799
TP53,45516
TP53BP1,18450
TP53BP2,29315
TP63,25517
TP73,4539
TPBG,26731
TPCN1,7494
TPH1,626
TPH2,740
TPMT,20015
TPPP,689
TPPP3,2017
TPSG1,1250
TPTE,867
TPX2,81414
TRAC,51509
TRAF1,3811
TRAF2,7937
TRAF3,7048
TRAF3IP2,13400
TRAF3IP3,4546
TRAF4,16300
TRAF5,9918
TRAF6,6757
TRAFD1,16505
TRAP1,19310
TRBC1,30673
TRDC,1371
TREM1,2868
TREM2,1374
TREML2,1203
TREX1,4065
TREX2,3460
TRH,3331
TRHR,532
TRIB1,3204
TRIB2,5960
TRIB3,2036
TRIM21,6767
TRIM23,5847
TRIM25,7052
TRIM27,19758
TRIM28,17668
TRIM29,204899
TRIM47,15767
TRIM5,8727
TRIM55,3650
TRIM65,8455
TRIM66,2534
TRIM67,1217
TRIP13,6618
TRMT1L,6286
TRMT2A,6028
TRO,4944
TRPA1,749
TRPC1,5169
TRPC3,1072
TRPC4,1987
TRPC5,644
TRPC6,5445
TRPC7,562
TRPM1,893
TRPM2,2372
TRPM3,706
TRPM4,10749
TRPM6,1336
TRPM7,15334
TRPM8,1226
TRPS1,6100
TRPV1,1896
TRPV4,2055
TRPV6,1245
TRRAP,16267
TRUB1,4799
TSBP1,706
TSC1,3470
TSC2,16369
TSG101,18466
TSHR,1403
TSHZ1,3497
TSLP,3025
TSNAXIP1,981
TSPAN10,648
TSPAN12,1798
TSPAN13,16791
TSPAN14,38538
TSPAN18,2730
TSPAN3,32464
TSPAN31,2650
TSPAN4,6701
TSPAN7,9399
TSPAN8,967
TSPAN9,23865
TSPO,1647
TSPOAP1,2821
TSPY1,111
TSPYL5,5567
TSSC4,9770
TSSK1B,2731
TSSK3,972
TTC12,3368
TTC23,5736
TTC23L,810
TTC4,8953
TTC9C,12445
TTI1,4392
TTK,10939
TTPA,355
TUBA4A,22387
TUBB,217451
TUBB2A,5100
TUBB2B,5654
TUBB3,1609
TUBB4A,574
TUBB6,3510
TUBD1,4684
TUBG1,12240
TUFM,38190
TUSC2,8264
TWIST1,8035
TWIST2,19790
TWSG1,40127
TXK,1660
TXNDC16,8220
TXNDC9,17361
TXNRD1,15506
TYK2,16566
TYMP,14222
TYMS,37295
TYRO3,4580
U2AF1,8065
U2AF2,38314
UBA1,21147
UBAP2,5932
UBAP2L,38079
UBASH3A,1980
UBASH3B,4125
UBD,4692
UBE2C,6936
UBE2D1,11171
UBE2D2,48865
UBE2D3,111665
UBE2I,28231
UBE2L3,12899
UBE2T,10997
UBE3A,32073
UBE4B,15758
UBR3,14422
UBR5,23886
UBTF,30275
UCA1,2377
UCHL1,2338
UCN,444
UCP2,11450
UEVLD,9466
UFC1,18764
UGDH,20039
UGT1A1,735
UGT1A4,763
UGT1A9,511
UGT2B17,643
UGT2B7,1179
UHRF1,17870
ULBP2,6127
ULK1,15820
ULK2,4676
UMOD,474
UMPS,15619
UNC119,4135
UNC13A,563
UNC45A,8340
UNC5A,891
UNG,24443
UPF1,13620
UPK1A,794
UPK2,235
UPK3A,1269
UPK3B,1248
UQCC1,50907
UQCC3,8540
URB1,10587
URGCP,8600
USF1,6679
USP10,14551
USP11,25716
USP27X,3215
USP29,379
USP32,19465
USP36,19621
USP38,11816
USP5,16407
USP53,10552
USP6,1143
USP7,55291
USP9Y,31
UTP23,17232
UTRN,11924
UTS2,652
VAMP3,40610
VAMP5,3469
VAPB,14509
VASP,32848
VAV1,3035
VAV3,9816
VAX1,746
VCAM1,9829
VCL,23622
VDAC1,26109
VDAC2,43631
VDR,14135
VEGFA,67178
VEGFB,39271
VEGFC,6104
VEGFD,1059
VGF,1072
VGLL3,6400
VHL,15420
VIP,668
VIPR1,3420
VIPR2,4682
VLDLR,25484
VPS13A,7184
VPS13B,9756
VPS35,20875
VPS37B,12948
VPS4A,16365
VPS50,6766
VSIG4,1472
VSIR,2821
VSNL1,6629
VSTM1,355
VSTM2B,467
VSTM2L,1031
VSX2,1266
VTCN1,1869
VWA8,10045
WAPL,29990
WARS,13138
WAS,5865
WASHC2A,6113
WASHC3,17064
WASHC4,20010
WASL,27121
WBP2,26948
WDFY3,9105
WDFY4,1532
WDHD1,16194
WDR12,8899
WDR26,63723
WDR37,9683
WDR5,9545
WDR55,11652
WDR72,503
WDR74,7868
WDR77,16484
WDR81,4003
WDR90,6643
WEE1,28529
WEE2,1089
WFDC1,5823
WFS1,2513
WNT1,731
WNT2,5225
WNT3,4061
WNT3A,2069
WNT4,3136
WNT5A,43394
WNT5B,4263
WNT9A,7960
WRAP73,6051
WRN,4959
WT1,1322
WWC1,6055
WWOX,3142
WWP1,21628
WWP2,7912
WWTR1,10165
XBP1,87328
XCL2,1025
XCR1,600
XDH,3828
XIAP,25081
XIRP1,1210
XPA,19629
XPC,13121
XPNPEP1,19756
XPNPEP3,8555
XPO1,45240
XPO5,7289
XPO6,15797
XPO7,21031
XPR1,18894
XRCC1,8700
XRCC2,1679
XRCC3,3210
XRCC4,2711
XRCC5,35806
XRCC6,89325
YAP1,28258
YES1,61033
YIF1B,12313
YIPF1,6616
YIPF5,25213
YJEFN3,2601
YLPM1,22896
YTHDC2,14729
YTHDF1,18240
YTHDF3,24128
YWHAQ,108200
YWHAZ,234020
YY1,44229
YY1AP1,16359
ZAN,709
ZAP70,2194
ZBED9,934
ZBP1,1835
ZBTB1,18582
ZBTB10,3302
ZBTB16,1896
ZBTB21,13801
ZBTB25,3967
ZBTB3,3185
ZBTB33,6565
ZBTB4,10836
ZBTB40,5255
ZBTB48,5545
ZBTB49,1834
ZC2HC1A,5076
ZC3H12A,14154
ZC3H12D,4204
ZC3H18,14450
ZC3H7A,17940
ZC3HAV1L,16792
ZC4H2,2105
ZCCHC10,18206
ZCCHC17,27149
ZCCHC2,6688
ZCCHC3,8304
ZCCHC8,6503
ZDHHC17,5934
ZDHHC22,954
ZEB1,7929
ZEB2,26831
ZER1,4224
ZFAND5,55241
ZFAT,4252
ZFHX3,3357
ZFHX4,2208
ZFP57,686
ZFPL1,7838
ZFX,17728
ZFYVE1,6899
ZFYVE21,15621
ZFYVE26,5222
ZGRF1,2843
ZHX3,971
ZIC2,3703
ZIC4,675
ZMIZ1,20352
ZMIZ2,17307
ZMPSTE24,22738
ZMYM1,5371
ZMYM3,6454
ZMYND10,1344
ZMYND19,6225
ZNF106,17713
ZNF142,5314
ZNF165,3222
ZNF177,1274
ZNF232,6367
ZNF280C,5078
ZNF281,4728
ZNF296,1557
ZNF326,20598
ZNF341,2549
ZNF346,5592
ZNF395,8299
ZNF408,2609
ZNF410,15644
ZNF449,3846
ZNF451,17513
ZNF469,4501
ZNF512,18066
ZNF592,14993
ZNF608,1675
ZNF639,24946
ZNF683,5359
ZNF687,6174
ZNF76,10772
ZNF768,21194
ZNF8,879
ZNF804A,407
ZNF827,3328
ZNF829,689
ZPR1,9138
ZSCAN1,355
ZSCAN12,2321
ZSCAN16,4181
ZSCAN20,1746
ZSCAN26,4502
ZSWIM6,3657
ZUP1,5204
ZYG11B,8859
ZYX,22367
